Time since System Start [us];Week time [milliseconds since start of GPS week];Humidity [%];Groundspeed [m/s];Airspeed [m/s];Temperature [deg C];Airpressure [kPas];Longitude;Latitude;Flight Height [m];Roll [deg];Pitch [deg];Yaw [deg];Ground course [deg];Energie [m];GyroX [rad/s];GyroY [rad/s];GyroZ [rad/s];AcceX [m/s/s];AcceY [m/s/s];AcceZ [m/s/s]
7876824;422978800;20;0.002;0.0220617;26.65;96095.67;8.1518466;46.73835;0;6.95;4.94;47.18;246.6454;2.48072684449541e-05;0.001866866;-0.0003085201;0.0004706873;0.68791;-1.179295;-9.790609
8056388;422979000;20;0.002;0.0220617;26.67;96096.15;8.257222;47.3425159;5.68000000000001;6.95;4.95;47.18;315.2047;5.68002480726845;0.001676421;0.001738585;0.0004623615;0.893499;-1.372462;-9.649243
8256711;422979200;20;0.005;0.0220617;26.7;96094.23;8.257222;47.3425159;5.68000000000001;6.95;4.94;47.19;313.8266;5.68002480726845;0.003644001;0.004655074;0.0001877482;0.864609;-1.222382;-9.691581
8456436;422979400;20;0.003;0.0220617;26.74;96096.37;8.257222;47.3425159;5.68000000000001;6.95;4.94;47.19;325.9828;5.68002480726845;0.002766305;0.004402208;-0.0004138828;1.089572;-0.9968503;-9.644775
8656810;422979600;20;0.002;0.0220617;26.77;96097.13;8.257222;47.3425159;5.68000000000001;6.95;4.94;47.19;68.75481;5.68002480726845;0.002356394;0.007492261;-0.0003336716;1.016411;-1.278478;-9.672462
8856422;422979800;20;0.004;0.0220617;26.81;96095.05;8.257222;47.3425159;5.68000000000001;6.95;4.94;47.18;208.422;5.68002480726845;0.003588599;0.005189515;0.0006414469;0.8019542;-1.174283;-9.757372
9056472;422980000;20;0.007;0.0220617;26.85;96093.88;8.257222;47.3425159;5.68000000000001;6.95;4.95;47.19;235.1537;5.68002480726845;0.001667788;0.004375332;0.0002591072;0.7203915;-1.283887;-9.780418
9256981;422980200;20;0.003;0.0220617;26.88;96097.34;8.257222;47.3425159;5.68000000000001;6.95;4.93;47.19;49.51543;5.68002480726845;0.003485887;0.005337748;0.001346919;0.8871754;-1.307312;-9.67985
9457180;422980400;20;0.004;0.0220617;26.91;96095.18;8.257222;47.3425159;5.68000000000001;6.95;4.94;47.19;97.32732;5.68002480726845;0.002856368;0.004622761;0.0006514604;0.6459574;-1.431733;-9.742616
9657063;422980600;20;0.004;0.0220617;26.95;96094.23;8.257222;47.3425159;5.68000000000001;6.95;4.94;47.19;177.9864;5.68002480726845;0.001881542;0.004269557;0.0004762616;1.15042;-1.320393;-9.680483
9856479;422980800;20;0.004;0.0220617;26.98;96095.34;8.257222;47.3425159;5.68000000000001;6.95;4.94;47.19;201.8845;5.68002480726845;0.001378498;0.005835847;-0.0001512445;0.9376498;-1.230677;-9.789915
10056590;422981000;20;0.008;0.0220617;27.02;96096.37;8.257222;47.3425159;5.68000000000001;6.95;4.94;47.19;227.5861;5.68002480726845;0.002114563;0.003216483;-3.820181e-05;0.9976741;-1.095427;-9.76433
10256387;422981200;20;0.007;0.0220617;27.05;96093.99;8.257222;47.3425159;5.68000000000001;6.95;4.94;47.19;242.6133;5.68002480726845;0.001069608;0.002113077;6.422683e-05;0.7458599;-1.264257;-9.71075
10457074;422981400;20;0.002;0.0220617;27.09;96093.99;8.257222;47.3425159;5.68000000000001;6.95;4.94;47.19;245.6156;5.68002480726845;0.001748522;0.003282622;-0.0004898433;0.9033149;-1.23103;-9.748191
10657297;422981600;20;0.003;0.0220617;27.12;96097;8.257222;47.3425159;5.68000000000001;6.95;4.94;47.18;53.94569;5.68002480726845;0.001536029;0.003932976;-0.0001649429;0.8892122;-1.067441;-9.726832
10856544;422981800;20;0.003;0.0220617;27.15;96096.52;8.257222;47.3425159;5.68000000000001;6.95;4.95;47.18;46.25367;5.68002480726845;0.001547751;0.002404441;0.0002037726;0.9491778;-1.164785;-9.733436
11056946;422982000;20;0.004;0.0220617;27.18;96095.7;8.257222;47.3425159;5.68000000000001;6.95;4.95;47.18;74.7561;5.68002480726845;0.00132854;0.004785122;0.0001334273;0.8275044;-1.270716;-9.742178
11256365;422982200;20;0.006;0.0220617;27.22;96096.73;8.257222;47.3425159;5.68000000000001;6.95;4.95;47.19;70.22816;5.68002480726845;0.001455899;0.001991311;0.0004922203;0.7278591;-1.124295;-9.758787
11456419;422982400;20;0.005;0.0220617;27.25;96096.09;8.257222;47.3425159;5.68000000000001;6.95;4.95;47.19;52.13872;5.68002480726845;0.001517329;0.001725512;5.575113e-05;0.8306934;-1.297065;-9.646273
11657258;422982600;20;0.005;0.0220617;27.28;96094.97;8.257222;47.3425159;5.68000000000001;6.95;4.95;47.19;55.94228;5.68002480726845;0.001812071;0.002643071;-4.526704e-05;0.8065454;-1.205546;-9.719229
11856646;422982800;20;0.005;0.0220617;27.31;96094.36;8.257222;47.3425159;5.68000000000001;6.95;4.94;47.18;64.09311;5.68002480726845;0.001386364;0.002714596;-0.0004929318;1.030987;-1.143777;-9.744208
12057238;422983000;20;0.004;0.0220617;27.35;96094.23;8.257222;47.3425159;5.68000000000001;6.95;4.95;47.19;55.78556;5.68002480726845;0.0009297205;0.005356953;-3.813962e-05;0.9506996;-1.151695;-9.720151
12256669;422983200;20;0.004;0.0220617;27.38;96096.46;8.257222;47.3425159;5.68000000000001;6.95;4.95;47.18;53.01873;5.68002480726845;0.001859773;0.00261899;0.0003878669;0.9704176;-1.011046;-9.794608
12457290;422983400;20;0.001;0.0220617;27.41;96094.36;8.257222;47.3425159;5.68000000000001;6.95;4.95;47.18;175.1404;5.68002480726845;0.001359455;-0.0006025066;3.077152e-05;0.7689947;-1.143789;-9.80918
12656369;422983600;20;0.007;0.0220617;27.44;96097.16;8.257222;47.3425159;5.68000000000001;6.95;4.95;47.19;220.566;5.68002480726845;0.0008164218;0.004315255;0.0005428421;0.7907571;-1.009388;-9.798058
12857112;422983800;20;0.008;0.0220617;27.47;96094.48;8.257222;47.3425159;5.68000000000001;6.95;4.95;47.19;221.4111;5.68002480726845;0.001024436;0.004446513;0.0001479682;0.8648697;-1.236751;-9.67377
13056576;422984000;20;0.001;0.0220617;27.5;96096.03;8.257222;47.3425159;5.68000000000001;6.95;4.95;47.19;228.466;5.68002480726845;0.001879581;0.008138971;-0.0007804803;1.043104;-1.309467;-9.678782
13256647;422984200;20;0.004;0.0220617;27.53;96093.33;8.257222;47.3425159;5.68000000000001;6.95;4.95;47.19;43.39048;5.68002480726845;0.001386487;0.004887382;-0.0002900942;0.7978683;-1.006378;-9.782423
13457274;422984400;20;0.004;0.0220617;27.56;96096.91;8.257222;47.3425159;5.68000000000001;6.95;4.95;47.19;351.9093;5.68002480726845;0.001166913;0.002645187;9.077447e-05;0.9574874;-1.103286;-9.686417
13656377;422984600;20;0.004;0.0220617;27.59;96094.91;8.257222;47.3425159;5.68000000000001;6.95;4.95;47.19;359.1153;5.68002480726845;0.002277428;0.005368935;0.0002012411;0.8088244;-1.273025;-9.717577
13857285;422984800;20;0.006;0.0220617;27.62;96097;8.257222;47.3425159;5.68000000000001;6.95;4.95;47.19;46.88802;5.68002480726845;0.001677518;0.004303284;-0.0005540709;1.047235;-1.222264;-9.719064
14057019;422985000;20;0.003;0.0220617;27.65;96096.58;8.257222;47.3425159;5.68000000000001;6.95;4.95;47.19;8.83157;5.68002480726845;0.002022631;0.004312229;0.0002224322;0.9401727;-1.233082;-9.752065
14256537;422985200;20;0.004;0.0220617;27.68;96093.45;8.257222;47.3425159;5.68000000000001;6.95;4.95;47.19;270.0005;5.68002480726845;0.001336542;0.004153752;0.000251165;0.6698189;-1.115909;-9.789436
14457048;422985400;20;0.004;0.0220617;27.71;96095.4;8.257222;47.3425159;5.68000000000001;6.95;4.95;47.19;236.4727;5.68002480726845;0.001442138;0.005158582;-0.0002364048;0.6982094;-1.148575;-9.739646
14657205;422985600;20;0.005;0.0220617;27.74;96093.12;8.257222;47.3425159;5.68000000000001;6.95;4.96;47.2;219.3482;5.68002480726845;0.001395484;0.003602461;0.0004303953;0.9824157;-1.002212;-9.714222
14857218;422985800;20;0.001;0.0220617;27.77;96096.64;8.257222;47.3425159;5.68000000000001;6.95;4.96;47.19;116.8154;5.68002480726845;0.002211518;0.003537979;1.950175e-05;0.9685236;-1.149433;-9.752377
15056605;422986000;20;0.007;0.0220617;27.8;96096.64;8.257222;47.3425159;5.68000000000001;6.95;4.96;47.19;56.27971;5.68002480726845;0.001669957;0.002303493;0.0003277979;0.8723753;-1.216685;-9.744267
15256325;422986200;20;0.005;0.0220617;27.83;96095.55;8.257222;47.3425159;5.68000000000001;6.95;4.95;47.19;50.71953;5.68002480726845;0.001474605;0.006700109;5.476527e-05;0.6924562;-1.01262;-9.781015
15456956;422986400;20;0.004;0.0220617;27.86;96093.17;8.257222;47.3425159;5.68000000000001;6.95;4.95;47.19;47.08236;5.68002480726845;0.001834497;0.006317058;-0.0005984789;0.9040343;-1.151623;-9.737659
15656455;422986600;20;0.005;0.0220617;27.89;96096.58;8.257222;47.3425159;5.68000000000001;6.95;4.96;47.19;35.87299;5.68002480726845;0.00142494;0.005609636;-0.0003548468;0.6508187;-1.318857;-9.804353
15856380;422986800;20;0.005;0.0220617;27.91;96097.34;8.257222;47.3425159;5.68000000000001;6.95;4.95;47.19;43.00576;5.68002480726845;0.002540997;0.01117462;-0.0001781667;0.8816395;-1.133155;-9.747909
16057228;422987000;20;0.004;0.0220617;27.94;96096.31;8.257222;47.3425159;5.68000000000001;6.95;4.95;47.19;62.63311;5.68002480726845;0.00131713;0.0007578304;0.0006072334;0.8634164;-1.006249;-9.684254
16256591;422987200;20;0.001;0.0220617;27.97;96096.03;8.257222;47.3425159;5.68000000000001;6.95;4.95;47.19;160.7025;5.68002480726845;0.001484646;0.003772048;0.000265589;0.8562985;-1.216796;-9.701962
16456502;422987400;20;0.001;0.0220617;28;96096.64;8.257222;47.3425159;5.68000000000001;6.95;4.95;47.19;141.7008;5.68002480726845;0.001669198;0.004436949;0.0001554088;0.8073578;-1.167933;-9.705517
16657086;422987600;20;0.001;0.0220617;28.02;96094.58;8.257222;47.3425159;5.68000000000001;6.95;4.96;47.19;137.7878;5.68002480726845;0.001035455;0.002410511;0.0005736735;0.860848;-1.202689;-9.676806
16856444;422987800;20;0.005;0.0220617;28.05;96093.51;8.257222;47.3425159;5.68000000000001;6.95;4.95;47.19;228.9585;5.68002480726845;0.002467637;0.004344714;0.0006362814;0.8032116;-1.327101;-9.733482
17056655;422988000;20;0.001;0.0220617;28.08;96094.63;8.257222;47.3425159;5.68000000000001;6.95;4.96;47.19;24.92338;5.68002480726845;0.001391992;0.001693488;-0.0001502907;0.8638846;-1.238773;-9.623464
17256642;422988200;20;0;0.0220617;28.1;96093.17;8.257222;47.3425159;5.68000000000001;6.95;4.96;47.19;169.3965;5.68002480726845;0.002313529;0.004982284;6.949956e-05;0.9713792;-1.263615;-9.701108
17456746;422988400;20;0.001;0.0220617;28.13;96093.33;8.257222;47.3425159;5.68000000000001;6.95;4.96;47.19;195.9433;5.68002480726845;0.001335289;0.001692251;-2.084356e-05;0.9030211;-1.213684;-9.704664
17656528;422988600;20;0.028;0.0220617;28.16;96093.27;8.257222;47.3425159;5.68000000000001;6.95;4.92;47.17;50.3493;5.68002480726845;0.000834464;-0.04803592;-0.005854304;2.982836;-1.093484;-9.419914
17856480;422988800;20;0.9070001;0.0220617;28.18;96094.84;8.2572226;47.3425163;5.68000000000001;6.75;-4.21;45.94;47.16666;5.68002480726845;-0.02752199;-1.546199;-0.01620602;16.0646;-1.244694;-9.88587
18057171;422989000;20;2.898;2.825018;28.21;96094.84;8.2572265;47.3425189;5.69999999999999;7.08;-19.79;42.85;45.43499;6.10676486749866;-0.06246319;-0.4531876;-0.1462679;1.851925;-2.001609;-12.23296
18256762;422989200;20;4.816;4.892975;28.24;96095.7;8.2572344;47.3425244;5.70999999999998;6.92;-14.54;41.32;43.79385;6.93024487006242;-0.05270504;0.6244514;-0.2166284;17.22746;-0.4166858;3.575714
18457309;422989400;20;6.853;6.919677;28.26;96096.52;8.2572452;47.3425322;5.69999999999999;7.06;-5.54;40.44;42.18606;8.14046533049586;-0.02857708;0.9110963;-0.09104805;16.42951;-0.2779242;2.890168
18657216;422989600;20;9.483001;10.18546;28.29;96096.19;8.2572599;47.3425433;5.69999999999999;6.85;8.63;41.79;41.68383;10.9876450260754;-0.05304325;0.2953468;0.02683891;15.72752;-0.5097247;-10.42737
18857150;422989800;20;12.23;12.6335;28.31;96091.65;8.2572793;47.3425579;5.78000000000003;6.47;13.38;43.24;42.27561;13.9148278414883;-0.05118942;0.8067009;0.08691979;16.24244;-0.1120919;-13.98772
19056338;422990000;20;14.655;15.21274;28.34;96087.34;8.2573031;47.3425754;6.05000000000001;6.44;15.43;44.28;43.51816;17.8454871716412;-0.0250692;-0.5270206;0.0765875;14.71686;-0.02515569;-17.53144
19256485;422990200;20;16.721;17.18342;28.36;96081.98;8.2573306;47.3425946;6.61000000000001;6.13;8.17;44.18;44.54439;21.6594354177574;-0.0391682;-0.6064479;0.05710626;12.0419;-0.0393095;-2.563732
19457171;422990400;20;18.708;18.7385;28.38;96074.26;8.2573601;47.3426148;7.24000000000001;5.5;2.88;44.35;44.81788;25.1366045998981;-0.05656374;-0.3132896;0.06082679;10.97614;-0.005367058;-3.19133
19656770;422990600;20;20.679;20.56584;28.41;96071.49;8.257394;47.3426379;7.69999999999999;5.16;0.88;44.66;44.9462;29.2572770084404;-0.02236297;-0.1710479;0.04713838;9.943003;0.03586653;-6.126412
19857065;422990800;20;22.604;22.42222;28.43;96067.94;8.2574338;47.3426648;8.03000000000003;4.98;0.1;45.09;45.19562;33.6546661431397;-0.007165722;0.1224667;0.03167398;8.879607;-0.02619597;-9.554486
20056507;422991000;20;24.356;24.13625;28.45;96064.45;8.2574778;47.3426942;8.30000000000001;4.94;1.35;45.46;45.58764;37.9920776790265;-0.005702907;0.04815587;0.03041331;7.873599;-0.0725673;-13.32276
20257305;422991200;20;25.925;25.58087;28.48;96059.45;8.2575274;47.3427269;8.66000000000003;4.85;2.4;46.01;46.05965;42.0127477042253;-0.008272962;0.1149104;0.03240594;6.67841;-0.05355812;-12.99096
20457215;422991400;20;27.19;26.65037;28.5;96055.14;8.2575788;47.3427602;9.15000000000003;4.81;4.45;46.51;46.51276;45.3499093341947;-0.004895949;0.2191252;0.02889603;5.913413;-0.03983423;-15.88062
20656582;422991600;20;28.097;27.67859;28.52;96043.95;8.2576305;47.3427931;9.81999999999999;4.73;9.61;47.24;47.01237;48.8671123541335;-0.03768501;0.8105921;0.02428439;5.17942;-0.06832725;-20.02733
20856930;422991800;20;27.419;28.10773;28.54;96026.7;8.2576848;47.3428269;10.99;5.5;42.72;50.83;48.13236;51.2573030455097;-0.1280688;3.816131;0.02889084;15.6455;0.01167577;-82.68019
21057204;422992000;20;20.552;26.0446;28.55;95986.73;8.2577337;47.3428555;13.64;17.12;76.33;64.54;50.73502;48.212945420999;0.00195406;2.009536;0.01926414;18.55632;0.3341042;-78.48416
21256749;422992200;20;8.215;25.73637;28.56;95926.98;8.2577649;47.3428713;18.1;101.59;86.05;149.48;59.7742;51.8594669101376;-0.003560619;1.296917;-0.01099996;11.67668;-0.1974796;-56.79742
21456436;422992400;20;2.709;25.42441;28.56;95861.93;8.2577731;47.3428718;23.53;152.6;81.22;200.82;183.5697;56.4760052929715;-0.01350023;0.2287287;0.03627769;6.65554;-0.1754198;-9.656521
21656949;422992600;20;6.354;24.94914;28.57;95807.25;8.2577679;47.3428639;28.83;158.45;77.35;207.05;210.1044;60.5557689469725;-0.02082441;0.3520495;0.04151548;6.773817;0.03549866;-6.803089
21857148;422992800;20;7.884;24.6272;28.57;95753.21;8.2577585;47.3428535;33.59;162.03;73.53;210.94;213.0904;64.5022823567788;-0.01508556;0.3579556;0.03084882;7.007414;0.02525608;-6.662687
22056873;422993000;20;9.459001;24.301;28.58;95697.04;8.2577458;47.3428408;38.33;164.42;69.44;213.65;215.0974;68.4288073904179;-0.01545741;0.3570293;0.03206334;7.166069;-0.04244104;-5.91174
22257268;422993200;20;11.064;23.97036;28.59;95647.28;8.2577296;47.3428257;43.03;165.59;65.68;215.14;216.5816;72.3153291809175;-0.01924693;0.2709079;0.03922793;7.202134;-0.05506752;-5.182882
22456799;422993400;20;11.915;23.46567;28.59;95596.03;8.2577106;47.3428086;47.55;161.5;69.77;210.9;216.8627;75.6151207211468;-0.01802182;-0.8305417;0.04150073;7.994358;-0.07583625;15.91828
22657253;422993600;20;10.855;22.94988;28.6;95546.35;8.2576928;47.342792;51.88;157.16;71.81;206.63;214.6376;78.7249027530275;-0.0217406;0.3426678;0.04756498;7.918308;-0.08640286;6.097151
22856849;422993800;20;10.111;22.77535;28.61;95497.36;8.2576783;47.342777;56.09;159.65;68.19;209.48;212.4198;82.5281532937054;-0.02588335;0.3738235;0.05166916;8.111448;-0.08130755;-4.990064
23056473;422994000;20;11.216;22.77535;28.61;95446.66;8.2576631;47.342761;60.37;160.9;64.37;211.2;213.2508;86.8081532937054;-0.02870868;0.2825444;0.05678181;8.015771;-0.07798149;-3.787733
23256520;422994200;20;12.42;22.59948;28.62;95402.93;8.2576453;47.342743;64.58;158.83;64.21;209.44;213.9939;90.6114218282569;-0.05596562;-0.3228022;0.05519959;7.897921;-0.1181652;4.44358
23456624;422994400;20;12.413;22.24356;28.63;95357.87;8.2576272;47.3427244;68.56;156.11;69.85;206.93;212.6191;93.7779389130275;-0.00736765;-0.5744657;-0.2592046;8.466849;-0.1200649;13.04812
23656671;422994600;20;10.75;21.69874;28.63;95308.86;8.2576114;47.3427066;72.57;154.53;76.49;205.56;209.0384;96.56772260895;-0.09116797;-0.6985558;-0.1182017;9.303159;-2.9878;17.24472
23856912;422994800;20;8.137;20.95028;28.64;95264.2;8.2576003;47.3426915;76.66;110.89;84.52;163.21;202.9585;99.0307559672987;-0.1400568;-0.818406;-0.06012477;9.796575;-2.341115;17.74062
24056506;422995000;20;5.268;20.3709;28.64;95214.66;8.2575951;47.3426803;80.83;35.42;82.85;88.81;187.9657;101.980538573394;-0.1623449;-0.828792;-0.1033596;9.905981;-2.726112;17.24642
24256739;422995200;20;3.368;19.77455;28.64;95161.52;8.2575969;47.3426729;85.24;8.79;71.48;64.41;142.4499;105.17031741603;-0.198511;-0.9007145;-0.02306071;10.45838;-2.545002;15.62317
24457303;422995400;20;4.861;19.36678;28.65;95117.84;8.2576059;47.3426702;89.42;3.08;59.71;60.68;92.32062;108.536828112559;-0.2208856;-1.203934;-0.03778584;10.65132;-2.226647;16.37051
24656373;422995600;20;8.441;18.30768;28.65;95071.85;8.2576232;47.3426721;93.32;-0.75;41.9;59.42;73.53125;110.403136951193;-0.2840011;-2.351759;0.006972728;11.3861;-2.86393;24.937
24856673;422995800;20;12.948;16.94962;28.66;95039.36;8.2576496;47.3426788;96.66;-3.69;14.39;61.74;66.73207;111.30269205629;-0.3643409;-2.555925;0.1835931;12.68898;-2.422634;30.37389
25056994;422996000;20;16.516;15.98024;28.68;95023.45;8.2576846;47.3426895;98.7500000000001;-7.28;-15.93;68.06;65.50048;111.765701858186;-0.1957455;-1.856419;0.2608729;13.13658;-0.3116359;29.67456
25257294;422996200;20;17.976;16.94962;28.7;95021.19;8.2577274;47.3427022;99.41;-10.19;-33.5;72.26;67.18283;114.05269205629;-0.02663653;-1.306073;0.009795059;12.26476;0.4782746;25.38028
25456843;422996400;20;18.025;19.57173;28.72;95035.38;8.2577714;47.342714;98.57;-10.31;-38.96;72.67;69.65765;118.093578756009;0.02399663;-0.1826917;-0.08019826;9.729198;0.2978658;7.100929
25656965;422996600;20;18.449;22.24356;28.75;95064.8;8.2578156;47.3427247;96.55;-10.13;-45.43;72.88;70.97194;121.767938913028;0.02922155;-0.8200426;-0.07925595;7.494875;-0.02676725;3.058458
25856443;422996800;20;18.266;24.13625;28.78;95101.06;8.257863;47.3427355;93.6200000000001;-12.54;-58.18;76.17;71.93832;123.312077679027;0.02055489;-1.082841;-0.04269319;7.74854;-0.02149945;26.42118
26056531;422997000;20;16.801;26.65037;28.81;95150.47;8.2579076;47.3427449;89.82;-12.02;-59.41;75.82;73.51797;126.019909334195;0.01618284;0.5260728;-0.03523777;4.384524;-0.01864744;-9.274553
26256662;422997200;20;17.634;29.22134;28.85;95200.31;8.2579502;47.3427534;85.32;-9.86;-54.37;73.34;73.33409;128.841239112926;0.004767147;0.4071736;-0.02963669;3.085698;0.02347077;-19.36613
26457111;422997400;20;20.803;30.94559;28.88;95255.47;8.2579981;47.3427636;80.6;-8.07;-47.73;71.14;71.61093;129.408845078904;0.004523323;0.6317871;-0.01669736;-4.304857;0.0433511;-24.37642
26656773;422997600;20;24.602;31.58372;28.92;95307.2;8.2580534;47.3427767;76.1;-6.5;-35.56;68.85;69.68596;126.942577422956;0.005896715;1.544257;-0.02142601;-3.410745;0.1528073;-56.56143
26857000;422997800;20;28.825;31.45713;28.95;95345.15;8.2581209;47.3427947;72.35;-5.24;-15.83;66.19;67.52153;122.785832203716;0.006487485;1.514078;-0.02784201;-7.917271;0.07349274;-54.59392
27057175;422998000;20;31.112;30.29404;28.97;95363.55;8.2581967;47.342817;70.13;-4.95;2.04;64.34;65.57078;116.905171229439;0.006556987;1.575257;-0.01676515;-7.204242;0.04300829;-56.4507
27256986;422998200;20;29.975;28.66994;28.99;95359.95;8.2582703;47.3428406;69.83;-5.29;21.8;62.4;63.77547;111.724263996106;0.006553399;1.721515;-0.0107278;-4.455879;0.2045694;-60.5128
27456685;422998400;20;25.975;26.65037;29;95333.34;8.2583361;47.3428635;71.31;-5.82;31.92;61.1;61.85823;107.509909334195;0.009210238;0.7558911;-0.02747488;-6.013699;0.2302274;-36.93787
27656830;422998600;20;21.397;24.46465;29.01;95297.95;8.2583906;47.342884;74.06;-6.41;37.25;59.85;60.06016;104.565560633155;0.009703571;0.121395;-0.03528164;-6.211867;0.1560802;-15.47301
27856334;422998800;20;18.311;22.06345;29.01;95260.24;8.2584366;47.3429024;77.29;-6.28;36.29;59.52;58.91535;102.101204174439;0.1524727;-0.3292491;-0.03494771;-5.450202;0.1389627;-4.238824
28056897;422999000;20;16.799;19.97531;29.02;95226.97;8.2584771;47.342919;80.33;-2.38;29.18;59.72;58.55458;100.667054515601;0.3255897;-0.5903611;-0.01930211;-4.186575;0.2646347;3.027585
28256507;422999200;20;16.207;17.86647;29.02;95200.16;8.2585143;47.3429344;82.84;-0.02;24.02;59.61;58.70939;99.1096610734403;0.2256461;-0.5398768;-0.0270328;-3.5135;0.2778941;2.880901
28456984;422999400;20;15.763;16.47206;29.03;95180.58;8.2585509;47.3429495;84.81;1.47;18.06;59.04;58.8912;98.6391926933537;0.0303907;-0.2883868;-0.03568023;-2.909643;0.09758545;0.2503337
28656341;422999600;20;15.516;15.72857;29.05;95165.1;8.2585854;47.3429636;86.2500000000001;1.36;16.7;58.71;58.96295;98.8589660675281;-0.02129536;-0.1503222;-0.01941796;6.972873;-0.1088061;-3.781632
28857082;422999800;20;16.513;17.18342;29.06;95152.55;8.2586208;47.342978;87.39;0.98;11.66;58.7;58.94498;102.439435417757;-0.02965026;-0.5876783;0.02212048;11.28195;-0.06470283;-4.600886
29056493;423000000;20;18.554;18.52434;29.07;95141.23;8.2586611;47.3429945;88.3800000000001;0.68;-1.87;58.73;58.89474;105.869866077248;-0.02482715;-1.868379;0.01995363;10.62613;0.0368231;14.0594
29256814;423000200;20;20.214;19.57173;29.09;95141.45;8.2587051;47.3430124;88.84;0.45;-24.71;58.72;58.83258;108.363578756009;-0.01171991;-1.497519;0.01442891;10.83451;0.07406592;22.88006
29457297;423000400;20;20.761;21.32779;29.11;95153.58;8.258751;47.3430313;88.19;0.34;-35.19;58.77;58.77663;111.374231716825;-0.003350328;-0.6121541;0.00863264;8.721638;0.08632644;13.42188
29656814;423000600;20;20.897;23.6351;29.14;95181.76;8.2587976;47.3430504;86.3800000000001;0.31;-38.48;58.81;58.77194;114.851862997452;0.001335706;-0.1038753;0.003229202;6.732332;0.07368468;0.5385946
29856643;423000800;20;22.018;26.0446;29.16;95213.3;8.2588462;47.3430704;83.74;0.3;-36.25;58.85;58.80982;118.312945420999;0.001244231;0.248295;0.001104102;5.577104;0.03535308;-13.53148
30056526;423001000;20;24.282;28.24934;29.19;95249.73;8.2588998;47.3430923;80.67;0.29;-33.6;58.88;58.86251;121.344067810173;0.0005231322;0.3105499;0.002719999;3.958851;0.02156113;-17.72387
30256893;423001200;20;26.884;30.02946;29.22;95282.83;8.258958;47.3431162;77.65;0.26;-29.74;58.94;58.91444;123.611695611193;0.0006371968;0.3849321;0.003416393;2.602946;0.03051385;-20.82497
30456665;423001400;20;29.379;31.45713;29.25;95316.38;8.2590223;47.3431424;74.83;0.23;-23.86;59.01;58.96735;125.265832203716;0.0009022153;0.4528626;0.002651995;1.343601;0.03616696;-23.88825
30657100;423001600;20;31.646;32.57872;29.27;95342.3;8.2590927;47.3431711;72.34;0.22;-18.3;59.06;59.02045;126.436483019286;0.0009049113;0.4994603;0.002695988;0.4520684;0.0364775;-26.39048
30857206;423001800;20;33.438;33.30548;29.3;95362.16;8.2591654;47.3432006;70.44;0.21;-12.46;59.11;59.06986;126.976951989317;0.000898746;0.5351021;0.002767674;-0.1643874;0.0347536;-28.15633
31057010;423002000;20;34.685;33.7813;29.32;95373.62;8.2592418;47.3432316;69.17;0.21;-6.1;59.16;59.11826;127.33392608002;0.0009132061;0.557303;0.002611383;-0.5550722;0.03807857;-29.40395
31256500;423002200;20;35.326;34.01671;29.33;95372.86;8.2593235;47.3432647;68.6;0.21;-0.61;59.2;59.16828;127.577398533338;0.0007987521;0.5743635;0.002744139;-0.6310301;0.03611261;-30.18411
31456475;423002400;20;35.27;34.01671;29.35;95367.27;8.2594046;47.3432975;68.83;0.22;5.76;59.25;59.21792;127.807398533338;0.01077503;0.5668254;0.003007039;-0.658347;0.06196482;-30.00591
31656993;423002600;20;34.887;34.01671;29.36;95356.15;8.2594827;47.3433289;69.8;18.56;8.96;60.7;59.61469;128.777398533338;2.325475;0.07491672;0.1519276;2.376379;2.751342;-13.19286
31856365;423002800;20;34.724;34.1338;29.37;95334.36;8.2595628;47.3433596;71.23;40.7;10.57;62.42;61.7299;130.61411327421;2.305927;0.2510708;0.04485577;2.363026;2.210641;-18.30709
32057258;423003000;20;34.851;34.2505;29.37;95316.8;8.259646;47.3433876;72.83;73.42;10.44;64.92;65.61703;132.620863927115;2.376711;0.05387706;0.1839832;1.896981;1.669317;-9.026392
32256749;423003200;20;35.242;34.3668;29.38;95299.8;8.2597326;47.343412;74.34;101.47;7.99;67.98;69.03781;134.537601541284;2.306036;0.4637389;0.1970878;1.898557;2.255582;-12.48079
32456637;423003400;20;35.839;34.71337;29.4;95293.03;8.2598208;47.343433;75.43;122.33;4.48;71.93;72.53506;136.847841832666;2.259438;0.5803516;0.2050762;1.797667;2.369332;-17.59896
32656884;423003600;20;36.341;35.0565;29.41;95289.86;8.2599103;47.3434498;75.83;141.9;-3.59;76.95;76.60347;138.468032224771;0.346815;0.8159238;0.07659544;-2.00863;1.621778;-23.05669
32856953;423003800;20;35.9;35.28341;29.43;95303.76;8.2600042;47.3434622;75.24;139.54;-18.46;88.69;82.00526;138.69153013395;-0.03046958;2.032177;0.08120412;-0.4560482;-1.379199;-57.32697
33057142;423004000;20;32.886;36.06634;29.46;95335.75;8.2600964;47.3434656;73.11;128.95;-39.13;109.42;93.59917;139.408719724546;-0.02688242;2.385943;0.1825313;1.773008;-0.7395102;-83.68647
33256726;423004200;20;26.738;37.26343;29.49;95393.2;8.2601745;47.3434529;68.82;110.24;-51.35;135.14;116.327;139.592844819822;-0.01546142;2.245263;0.1351774;0.6055597;-0.3074114;-87.43802
33457170;423004400;20;22.199;38.63038;29.54;95470.3;8.2602215;47.3434232;62.81;69.39;-53.07;185.3;154.9512;138.870461719898;-0.01814755;2.233379;0.1192915;-0.7924092;-0.5581598;-90.58492
33656415;423004600;20;25.46;39.64983;29.58;95539.6;8.2602251;47.3433832;56.51;47.22;-41.85;214.65;197.6335;136.63788068445;-0.04508008;2.724551;0.118926;0.9341503;-0.5379602;-112.4026
33856485;423004800;20;33.863;40.14985;29.61;95594.77;8.2601824;47.3433409;51.29;34.27;-19.28;238.72;227.3549;133.451593018476;-0.01437422;2.196282;0.1120878;0.399014;-0.4962402;-114.5585
34057253;423005000;20;39.986;39.85059;29.64;95615.78;8.2601012;47.3433047;48.23;31.76;-7.31;248.56;243.7605;129.171362046284;-0.02270717;0.7348598;0.1119121;-6.432598;-0.5273206;-42.6697
34257305;423005200;20;41.026;39.14342;29.65;95622.74;8.2599995;47.3432772;47.19;2.01;-1.67;249.85;251.6258;125.284155417757;-3.766663;0.5564001;-0.1482708;-5.428077;-7.239988;-38.22804
34456675;423005400;20;40.297;38.52695;29.67;95612.23;8.2598917;47.3432537;47.51;-43.68;2.93;251.27;252.0588;123.163714388507;-3.93683;0.1402645;0.2074952;-4.918186;-5.727493;-26.10682
34656953;423005600;20;39.356;37.79503;29.67;95598.57;8.2597919;47.3432289;48.63;-78.41;4.7;249.48;246.7476;121.436538873644;-3.904224;0.4723071;0.06691199;-4.124878;-6.124841;-24.87384
34856427;423005800;20;39.003;37.47698;29.68;95586.89;8.2597018;47.3431977;49.72;-121.49;3.27;240.14;239.0464;121.306341993904;-3.401567;1.200528;0.08344676;-3.857877;-4.028697;-42.73502
35057152;423006000;20;38.757;37.47698;29.7;95589.22;8.2596171;47.3431571;49.89;-166.83;-10.02;229.96;230.8209;121.476341993904;-3.328156;1.286991;0.02191716;-3.973696;-3.866225;-46.30001
35256354;423006200;20;37.012;38.00559;29.72;95614.59;8.2595421;47.3431121;48.36;163.08;-21.55;229.37;227.4284;121.980024018761;-3.371718;1.279754;0.1913504;-4.445517;-5.080547;-48.64454
35456885;423006400;20;33.267;38.83641;29.76;95667.24;8.2594716;47.3430715;44.82;108.84;-37;240.15;233.6583;121.693941982064;-3.400003;1.243249;0.3216656;-5.127599;-4.869001;-53.13148
35656631;423006600;20;31.019;39.85059;29.8;95728.46;8.2593978;47.343044;39.84;71.21;-39.95;253.43;250.1438;120.781362046284;-3.403899;1.203519;0.3379817;-6.16185;-4.292821;-58.65763
35856882;423006800;20;33.669;40.14985;29.83;95787.63;8.2593148;47.3430336;34.67;14.61;-30.37;271.02;267.0444;116.831593018476;-3.292463;1.348974;0.3188967;-14.82043;-2.653949;-65.85991
36056483;423007000;20;37.614;38.83641;29.86;95822.51;8.2592217;47.3430349;30.72;-14.32;-17.92;273.61;273.348;107.593941982064;-3.023627;1.440697;0.1980957;-15.6346;-0.0978707;-67.21416
36257051;423007200;20;38.367;36.72414;29.88;95836.1;8.2591152;47.3430364;28.76;-58.93;-0.46;262.48;268.002;97.4991671121101;-3.191041;1.355503;0.04236004;-11.6179;0.5649499;-54.84246
36456945;423007400;20;36.952;35.17014;29.89;95831.4;8.2590115;47.3430274;28.4;-83.28;3.06;252.12;255.4393;91.4447883598166;-0.9565142;1.201163;-0.1266718;-9.5574;2.173221;-38.03615
36657252;423007600;20;35.549;33.7813;29.91;95831.04;8.2589234;47.3430044;28.69;-68.09;-0.07;237.41;242.9683;86.8539260800204;1.373045;0.8280073;-0.6309992;-7.321912;-1.252782;-32.84826
36856962;423007800;20;34.334;32.57872;29.92;95826.6;8.2588458;47.3429717;28.96;-54.47;-1.4;227.87;233.1099;83.0564830192864;1.176561;0.6557443;-0.4299897;-6.928155;-3.795842;-26.8078
37056716;423008000;20;33.14;31.45713;29.93;95823.84;8.2587797;47.3429324;29.26;-41.73;-0.32;221.54;225.0909;79.6958322037156;1.049465;0.3624293;-0.2616091;-6.68659;-2.40516;-20.20343
37256459;423008200;20;31.914;30.16204;29.94;95817.77;8.2587219;47.3428891;29.65;-34.88;-1.06;219.59;219.3181;76.0184330765342;0.1318071;-0.1876028;0.1243235;-7.422273;-3.782446;-13.47149
37456733;423008400;20;30.603;28.39023;29.95;95812.38;8.2586708;47.3428441;30.06;-38.56;4.22;229.42;216.3091;71.1407930404128;-0.392008;0.09707578;1.147194;-6.638999;6.76801;-6.091507
37656778;423008600;20;29.104;26.0446;29.96;95807.8;8.2586242;47.3428002;30.42;-40.35;10.18;233.54;215.5882;64.992945420999;-0.228294;0.2490026;0.2870401;-5.732697;12.54362;-10.7901
37856535;423008800;20;27.438;24.7887;29.98;95803.77;8.2585806;47.3427588;30.84;-44.39;11.77;230.69;215.3094;62.1590442247707;-0.3633647;0.2750188;-0.2658265;-5.69805;8.218022;-10.5232
38056416;423009000;20;25.892;23.6351;29.99;95796.3;8.2585403;47.3427193;31.4;-49.37;12.6;227.53;214.0056;59.8718629974516;-0.3848881;0.2140668;0.03189623;-5.203637;6.55609;-8.902979
38257049;423009200;20;24.567;22.24356;30;95792.48;8.2585041;47.3426817;31.99;-54.73;14.88;225.97;212.1948;57.2079389130275;-0.3425249;0.172197;0.03902195;-4.458268;6.978354;-6.861011
38456677;423009400;20;23.3;21.13988;30.01;95786.08;8.2584699;47.3426436;32.56;-58.53;15.27;224.12;210.5016;55.3374987978797;-0.3339549;0.1752038;-0.1414069;-3.998873;6.346098;-5.946926
38656942;423009600;20;22.203;20.17407;30.02;95779.71;8.25844;47.3426081;33.03;-63.68;14.24;221;208.8409;53.7737869706881;-0.342656;0.1564907;-0.2014023;-3.716346;5.406061;-5.334611
38856881;423009800;20;21.283;19.36678;30.03;95776.02;8.2584138;47.3425746;33.36;-68.36;12.91;218.5;207.1033;52.4768281125586;-0.3570495;0.1454727;-0.1867185;-3.37828;4.873615;-4.267507
39056789;423010000;20;20.471;18.52434;30.04;95776.52;8.2583898;47.3425416;33.54;-71.91;11.76;216.57;205.3737;51.0298660772477;-0.3466233;0.1624469;-0.2049249;-3.11725;4.643853;-3.851127
39256551;423010200;20;19.753;17.86647;30.05;95774.37;8.2583679;47.3425091;33.54;-76.42;9.72;213.86;203.6449;49.8096610734404;-0.3333844;0.1854135;-0.2569107;-2.902839;4.412295;-3.5249
39456967;423010400;20;19.108;17.41408;30.07;95777.56;8.2583478;47.3424766;33.33;-80.57;7.13;210.68;201.7464;48.786176465158;-0.2914186;0.2956578;-0.2905835;-2.769849;4.183443;-3.934946
39657080;423010600;20;18.573;17.18342;30.08;95783.5;8.2583304;47.3424452;32.91;-82.36;2.88;204.46;199.4599;47.9594354177574;0.1555836;0.5153398;-0.5123583;-2.409283;5.047595;-4.928564
39856411;423010800;20;18.31;17.64172;30.1;95792.17;8.2583156;47.3424145;32.31;-76.09;-5.97;199;196.3601;48.1729095085831;0.763071;0.1378851;-1.390859;2.973362;2.351701;-7.96858
40056674;423011000;20;19.061;19.57173;30.12;95804.95;8.2583032;47.3423823;31.47;-68.65;-21.08;196.33;193.3083;50.9935787560092;0.4281214;-0.3491863;-0.949635;8.720847;-3.244839;-0.09854999
40257203;423011200;20;20.342;21.51406;30.13;95818.27;8.2582919;47.3423477;30.2;-62.89;-29.02;196.11;192.0846;53.790967262161;0.4580287;-0.08992004;-0.3098943;5.106872;-2.099735;-0.4604599
40456838;423011400;20;21.277;23.46567;30.16;95845.42;8.2582807;47.3423113;28.38;-56.67;-31.27;194.46;191.3513;56.4451207211468;0.68511;0.1145239;-0.3400798;3.904724;-0.8222613;-5.30978
40657226;423011600;20;22.319;25.26698;30.18;95873.13;8.2582703;47.342272;26.02;-41.7;-33.48;187.51;188.7757;58.5592598532314;0.8757607;0.2704048;-0.4110614;3.298089;-1.60804;-11.86973
40856617;423011800;20;23.691;26.79968;30.21;95904.3;8.258263;47.3422313;23.4;-30.78;-33.2;182.54;184.6482;60.006669118369;0.8611181;0.3297371;-0.3116964;2.422017;-2.302475;-15.99552
41056911;423012000;20;25.76;28.24934;30.23;95934.15;8.2582609;47.3421872;20.71;-27.87;-22.45;172.49;178.5566;61.3840678101733;-0.768284;2.886911;-0.07907704;3.269526;-1.907922;-62.19764
41257203;423012200;20;27.984;27.24267;30.25;95952.29;8.2582693;47.3421385;18.72;-6.53;20.58;153.42;168.1099;56.5468638495872;3.703974;3.167628;-0.003150563;9.575377;-5.08091;-71.15005
41456350;423012400;20;27.188;25.26698;30.26;95941.71;8.2582893;47.3420911;18.61;29.27;32.93;159.21;162.0225;51.1492598532314;2.758415;0.3271504;0.7581595;10.3507;-8.588664;-61.30825
41657009;423012600;20;24.062;25.42441;30.26;95914.69;8.2583079;47.3420477;20.34;29.9;24.05;163.76;166.3235;53.2860052929715;-1.469;-0.814979;0.3930129;1.58696;-1.373343;-5.246292
41856939;423012800;20;23.148;24.7887;30.26;95887.33;8.2583197;47.3420069;22.82;3.51;20.28;163.35;169.902;54.1390442247706;-3.207471;-0.04281654;0.1962128;2.803473;-4.62044;-0.649358
42057283;423013000;20;23.075;24.7887;30.26;95860.9;8.2583313;47.3419662;25.23;-34.11;24.57;166.99;167.7794;56.5490442247707;-2.440873;0.29489;0.2623354;2.314862;0.03989999;-18.09941
42256875;423013200;20;22.575;24.46465;30.26;95831.88;8.2583463;47.3419263;27.63;-61.19;26.01;163.25;163.4347;58.1355606331549;-2.18226;0.4580921;-0.2288338;1.603527;-0.4163813;-16.71417
42456757;423013400;20;22.304;24.13625;30.26;95805.73;8.2583667;47.3418884;30.09;-83.58;25.21;156.65;156.0477;59.7820776790265;-2.129449;0.6391244;-0.2579805;1.922769;-1.580073;-18.57693
42656622;423013600;20;22.869;23.97036;30.26;95781.1;8.2583951;47.3418528;32.36;-110.8;21.65;148.99;147.364;61.6453291809174;-2.167447;0.6964278;-0.2241024;1.987774;-1.557116;-16.5944
42856412;423013800;20;24.007;24.13625;30.26;95761.06;8.258432;47.3418189;34.13;-134.27;14.99;143.2;140.6496;63.8220776790265;-1.036672;0.7052385;-0.2044159;2.96804;-1.635133;-10.76292
43056782;423014000;20;25.148;24.6272;30.27;95749.45;8.2584753;47.3417855;35.26;-133.73;7.88;139.88;137.2372;66.1722823567788;0.7609731;0.5871983;-0.2978781;3.492107;-0.8121889;-7.452969
43256533;423014200;20;26.021;25.26698;30.28;95747.02;8.258523;47.341752;35.73;-127.96;3.4;134.8;134.7728;68.2692598532314;0.03442505;0.7009954;1.154606;1.100492;-1.935493;-16.24666
43456907;423014400;20;26.46;24.301;30.29;95753.48;8.2585737;47.3417204;35.52;-127.83;10.22;118.36;129.6203;65.6188073904179;0.404104;0.7629333;0.772656;3.235138;14.36002;-16.39037
43656899;423014600;20;26.548;24.94914;30.3;95762.97;8.2586301;47.3416932;34.77;-125.37;1.73;111.92;121.4479;66.4957689469725;0.02037769;0.7638329;-0.7003862;1.291685;7.958752;-16.89277
43856946;423014800;20;26.401;25.42441;30.32;95783.02;8.2586929;47.3416715;33.57;-128.28;-1.71;103.03;112.7576;66.5160052929714;-0.2674442;1.094297;0.7784065;-0.2386002;10.13764;-20.29486
44056401;423015000;20;25.916;25.10856;30.34;95803.06;8.2587579;47.341657;31.86;-130.34;-3.8;90.12;103.5148;63.9925068946789;-0.3545318;0.6938667;0.2076084;1.616649;13.86297;-16.54242
44256991;423015200;20;25.938;25.73637;30.37;95834.22;8.2588273;47.3416495;29.59;-141.65;-4.42;88.14;95.79361;63.3494669101376;-1.800599;-0.2694621;0.2334736;4.411598;8.869091;14.22502
44456555;423015400;20;26.748;25.89095;30.39;95857.41;8.2588978;47.3416461;27.26;-169.99;-0.98;81.16;93.29584;61.4262228288736;-3.19935;0.3251369;1.332849;6.102715;8.481192;23.05559
44656759;423015600;20;27.601;25.42441;30.41;95875.8;8.2589689;47.3416443;25.35;152.78;-7.32;63.42;90.07106;58.2960052929715;-3.629807;0.0424173;1.718219;7.344106;11.30728;25.74837
44857009;423015800;20;27.385;24.301;30.42;95892.98;8.2590407;47.3416477;23.8;99.41;-26.35;44.83;80.82206;53.898807390418;-4.847153;-0.4528203;2.297781;7.098134;6.985669;36.82826
45057162;423016000;20;25.121;22.59948;30.44;95915.66;8.2591072;47.3416606;22.17;41.29;-56.58;45.94;67.62533;48.2014218282569;-4.572103;-0.9791248;2.139165;10.66397;12.06804;45.94707
45256340;423016200;20;21.134;24.46465;30.47;95948.03;8.259161;47.3416795;19.72;-2.37;-52.36;49.05;57.67644;50.225560633155;-2.955706;2.477765;0.1036641;-3.301409;-3.843035;-7.306968
45456923;423016400;20;21.094;24.13625;30.5;95990.13;8.2592081;47.341703;16.47;-2.37;-1.51;47.02;50.83057;46.1620776790265;2.482661;3.201652;0.5961516;0.8869081;1.326999;-57.27192
45656530;423016600;20;23.106;20.75895;30.51;96002.38;8.2592556;47.3417305;14.17;29.49;13.02;55.03;48.98412;36.1340165699541;3.043719;1.041064;0.6546369;0.360111;-4.461823;-43.69709
45856893;423016800;20;21.631;19.57173;30.52;96003.35;8.259301;47.3417546;13.59;66.34;13.76;73.6;56.40911;33.1135787560092;2.135168;1.130647;0.9828961;0.4888614;-3.283105;-35.75177
46057036;423017000;20;19.961;18.95024;30.53;95999.61;8.2593492;47.3417708;13.77;75.19;3.44;85.17;71.44289;32.0733433260754;-0.5034572;0.5196303;1.085115;-1.84048;-0.05439215;-30.81858
46256999;423017200;20;19.181;18.30768;30.54;95995.57;8.2594016;47.3417771;14.11;60.1;-3.45;96.68;86.70988;31.1931369511927;-1.463664;1.009384;0.7717572;-2.632252;3.001831;-14.0212
46456616;423017400;20;18.563;17.64172;30.55;95993.54;8.2594537;47.3417755;14.31;50.12;2.97;111.4;98.75288;30.1729095085831;-0.5423315;2.114907;0.004421609;0.4338934;3.098108;-30.93773
46657309;423017600;20;17.603;16.22801;30.56;95991.74;8.2595007;47.3417668;14.52;63.37;24.21;131.99;112.0012;27.9424418226351;1.404568;1.723403;-0.5316601;0.6319817;-2.028296;-25.16443
46857130;423017800;20;16.217;13.8393;30.57;95984.57;8.259541;47.3417515;14.92;84.47;32.11;143.91;126.215;24.6817851422018;1.100733;0.8369913;-0.2663336;0.84023;-5.530633;-20.06553
47056986;423018000;20;14.903;12.6335;30.58;95982.17;8.2595715;47.3417322;15.37;93.41;31.88;157.31;140.1047;23.5048278414883;-0.3308567;1.108196;0.1360862;0.4417522;-5.463821;-18.4413
47256630;423018200;20;14.029;11.64751;30.58;95980.74;8.2595919;47.3417111;15.66;95.56;27.4;169.57;153.8988;22.5746018960296;-0.3536149;1.403108;0.6385738;0.586175;-4.725781;-16.3735
47456467;423018400;20;13.38;11.29975;30.59;95980.02;8.2596032;47.3416892;15.72;100.77;16.44;185.58;166.9268;22.2278669756626;0.2302929;1.568111;0.9783549;0.4728546;-3.698636;-14.3361
47656402;423018600;20;12.78;11.64751;30.61;95986.03;8.2596071;47.3416665;15.47;108.06;0.08;200.61;179.3503;22.3846018960296;0.5764179;1.609853;1.067544;0.2464117;-2.531218;-13.49439
47856398;423018800;20;12.111;11.64751;30.62;95991.2;8.259604;47.3416444;14.83;113.27;-16.75;213.76;191.4176;21.7446018960295;0.6905348;1.638501;0.8804293;0.11459;-1.721235;-13.8031
48056961;423019000;20;11.099;12.31361;30.64;96010.25;8.2595946;47.3416243;13.67;114.8;-34.98;233.53;203.7766;21.3980831412895;0.7536585;1.655852;0.4463307;-0.06258014;-1.515863;-15.09533
48256829;423019200;20;9.661;12.94548;30.66;96032.77;8.2595806;47.341608;11.96;109.34;-43.54;254.59;217.771;20.5015623053211;0.7153451;1.65925;0.03087673;0.05767413;-2.518497;-16.85093
48456777;423019400;20;7.892;13.25012;30.68;96058.91;8.2595642;47.3415973;9.76999999999998;97.7;-47.02;281.36;235.8846;18.7183017336595;0.6345852;1.687103;-0.1278731;0.4314077;-4.085587;-19.11216
48656980;423019600;20;6.135;0.0220617;30.7;96089.98;8.2595461;47.341593;7.26999999999998;-35.51;-69.71;71.07;263.5834;7.27002480726843;0.5425447;2.965064;8.582544;0.6364003;5.698435;-1.522689
48856925;423019800;20;5.547;0.0220617;30.71;96088.73;8.2595306;47.3415935;6.06;-14.49;-27.75;85.25;282.6232;6.06002480726845;3.04376;3.096217;1.862523;-0.1179285;0.7510719;-0.9313379
49056897;423020000;20;5.368;0.0220617;30.72;96093.38;8.2595174;47.3415954;6.06;11.72;5.98;100.51;281.8253;6.06002480726845;2.25733;2.850311;1.19889;0.09402739;0.25755;-0.6911072
49256700;423020200;20;5.301;0.0220617;30.73;96095.88;8.2595037;47.3415973;5.84000000000003;34.71;0.31;114.94;281.9101;5.84002480726848;1.663878;-0.8435408;1.63273;2.556113;-11.41444;-11.92838
49456860;423020400;20;4.9;0.0220617;30.74;96096.09;8.2594902;47.3415995;5.69999999999999;53.2;-10.45;125.85;285.6467;5.70002480726843;1.381356;0.6011851;0.6993018;2.926708;-6.167206;-2.397436
49657103;423020600;20;4.102;0.0220617;30.75;96093.94;8.2594784;47.341602;5.69;63.77;-1.97;136.48;290.9556;5.69002480726844;1.30331;1.378664;-0.6076214;1.195647;-11.72419;-0.3476923
49857203;423020800;20;3.288;0.0220617;30.76;96096.52;8.2594694;47.3416045;5.67000000000002;67.53;-4.14;141.55;295.5589;5.67002480726846;0.7021238;0.2077443;0.4657646;2.193997;-14.4156;0.4292177
50057054;423021000;20;2.226;0.0220617;30.77;96094.15;8.2594625;47.341607;5.66000000000003;70.2;-4.56;144.43;299.7051;5.66002480726847;-0.002190924;0.1676023;0.03106543;4.943571;-10.53378;-1.409254
50256974;423021200;20;0.887;0.0220617;30.78;96096.67;8.2594587;47.3416086;5.66000000000003;68.95;-3.68;145.03;301.964;5.66002480726847;-0.1393043;0.03485483;-0.07728589;5.010637;-10.62513;-0.9920987
50456315;423021400;20;0.126;0.0220617;30.79;96097.49;8.2594577;47.3416091;5.66000000000003;66.87;-2.96;145.12;319.3405;5.66002480726847;-0.3472086;0.07054874;-0.1071409;-0.4788526;-9.408267;-4.340776
50656528;423021600;20;0.032;0.0220617;30.79;96097.55;8.2594577;47.3416092;5.66000000000003;65.71;-3.06;145.24;37.02684;5.66002480726847;0.003940947;0.007004136;-0.01159728;-0.5390006;-8.924465;-4.004492
50856439;423021800;20;0.002;0.0220617;30.8;96093.45;8.2594577;47.3416092;5.66000000000003;65.67;-3.05;145.24;220.8855;5.66002480726847;0.004637014;0.007544195;-0.01321907;-0.5233471;-8.947523;-4.060309
51057208;423022000;20;0.002;0.0220617;30.81;96095.34;8.2594577;47.3416092;5.66000000000003;65.62;-3.03;145.25;221.5219;5.66002480726847;0.004734601;0.007993465;-0.01462756;-0.5390699;-9.202488;-4.182814
51256356;423022200;20;0.002;0.0220617;30.82;96096.25;8.2594577;47.3416092;5.66000000000003;65.59;-3.03;145.25;221.751;5.66002480726847;0.003506511;0.006359834;-0.01074206;-0.5244213;-9.008989;-4.094275
51456960;423022400;20;0.002;0.0220617;30.83;96094.2;8.2594577;47.3416092;5.66000000000003;65.55;-3.01;145.25;221.4725;5.66002480726847;0.004485341;0.007275721;-0.01286749;-0.5272451;-8.989326;-4.090749
51657099;423022600;20;0.002;0.0220617;30.84;96096.31;8.2594577;47.3416092;5.66000000000003;65.49;-3;145.25;221.1983;5.66002480726847;0.003438646;0.006466028;-0.01099592;-0.5201054;-8.864552;-4.015901
51856321;423022800;20;0.001;0.0220617;30.85;96094.84;8.2594577;47.3416092;5.66000000000003;65.46;-2.99;145.25;224.4503;5.66002480726847;0.004323983;0.00693366;-0.01236325;-0.4995624;-8.786732;-4.023925
52057259;423023000;20;0.001;0.0220617;30.85;96094.91;8.2594577;47.3416092;5.66000000000003;65.4;-2.97;145.25;224.559;5.66002480726847;0.005776044;0.009253675;-0.01677266;-0.5088755;-8.915489;-4.104667
52256579;423023200;20;0.002;0.0220617;30.86;96096.64;8.2594577;47.3416092;5.66000000000003;65.37;-2.96;145.25;221.4952;5.66002480726847;0.004738908;0.007338982;-0.01339466;-0.51656;-8.986835;-4.112844
52456568;423023400;20;0.002;0.0220617;30.87;96095.82;8.2594577;47.3416092;5.66000000000003;65.33;-2.94;145.25;220.517;5.66002480726847;0.004812467;0.008354099;-0.01415881;-0.5019277;-8.829072;-4.060909
52656751;423023600;20;0.002;0.0220617;30.88;96095.7;8.2594577;47.3416092;5.66000000000003;65.28;-2.93;145.25;220.2845;5.66002480726847;0.003106731;0.006474511;-0.01121834;-0.5187116;-9.121379;-4.18823
52857226;423023800;20;0.002;0.0220617;30.89;96096.15;8.2594577;47.3416092;5.66000000000003;65.24;-2.91;145.25;219.6625;5.66002480726847;0.003590677;0.00687736;-0.01184869;-0.5029079;-8.929126;-4.120081
53056848;423024000;20;0.001;0.0220617;30.9;96096.85;8.2594577;47.3416092;5.66000000000003;65.19;-2.9;145.25;221.1929;5.66002480726847;0.003949825;0.007325586;-0.01357891;-0.4992158;-8.94788;-4.146708
53256682;423024200;20;0.001;0.0220617;30.9;96096.95;8.2594577;47.3416092;5.66000000000003;65.14;-2.88;145.25;220.8796;5.66002480726847;0.003475044;0.007197875;-0.01256138;-0.4940536;-8.889734;-4.129877
53456661;423024400;20;0.002;0.0220617;30.91;96097.22;8.2594576;47.3416092;5.66000000000003;65.1;-2.87;145.24;220.4645;5.66002480726847;0.003516719;0.00727497;-0.01283815;-0.4909611;-8.916067;-4.15479
53657198;423024600;20;0.002;0.0220617;30.92;96096.43;8.2594576;47.3416092;5.66000000000003;65.04;-2.85;145.24;220.9423;5.66002480726847;0.003381844;0.007554286;-0.01480814;-0.5203204;-9.471632;-4.394858
53857192;423024800;20;0.002;0.0220617;30.93;96096.73;8.2594576;47.3416092;5.66000000000003;64.99;-2.84;145.23;220.9944;5.66002480726847;0.003307208;0.006515612;-0.01152289;-0.4857287;-8.871328;-4.134177
54056428;423025000;20;0.002;0.0220617;30.93;96095;8.2594576;47.3416092;5.66000000000003;64.96;-2.82;145.23;220.3544;5.66002480726847;0.004163081;0.007437355;-0.01409799;-0.488091;-8.922887;-4.157396
54256818;423025200;20;0.001;0.0220617;30.94;96094.84;8.2594576;47.3416092;5.66000000000003;64.9;-2.8;145.23;220.1748;5.66002480726847;0.004096726;0.007240189;-0.01335217;-0.4872081;-8.903912;-4.159031
54456817;423025400;20;0.002;0.0220617;30.95;96095.34;8.2594576;47.3416092;5.66000000000003;64.87;-2.79;145.22;222.3766;5.66002480726847;0.00399586;0.008064501;-0.01448835;-0.4846314;-8.982109;-4.220677
54656628;423025600;20;0.002;0.0220617;30.96;96097.49;8.2594576;47.3416092;5.66000000000003;64.82;-2.78;145.22;226.0506;5.66002480726847;0.004887145;0.008935447;-0.01690688;-0.4988726;-9.244623;-4.360423
54856661;423025800;20;0.002;0.0220617;30.96;96093.76;8.2594576;47.3416092;5.66000000000003;64.78;-2.76;145.21;227.3705;5.66002480726847;0.004758739;0.008402411;-0.01566936;-0.4855194;-9.05257;-4.258673
55057221;423026000;20;0.002;0.0220617;30.97;96096.64;8.2594576;47.3416092;5.66000000000003;64.73;-2.75;145.2;227.8046;5.66002480726847;0.004086827;0.007235383;-0.01307147;-0.478229;-8.994318;-4.256596
55256900;423026200;20;0.001;0.0220617;30.98;96096.95;8.2594576;47.3416092;5.66000000000003;64.68;-2.73;145.2;229.1232;5.66002480726847;0.003831047;0.006810792;-0.0124217;-0.4756147;-8.949327;-4.230391
55456823;423026400;20;0.002;0.0220617;30.99;96095.48;8.2594576;47.3416092;5.66000000000003;64.65;-2.72;145.19;230.2505;5.66002480726847;0.004082907;0.007784926;-0.01400198;-0.47434;-9.01266;-4.257154
55656899;423026600;20;0.002;0.0220617;31;96096.52;8.2594576;47.3416092;5.66000000000003;64.6;-2.71;145.18;231.9401;5.66002480726847;0.00421906;0.00748897;-0.01341386;-0.4656039;-8.83989;-4.193584
55857164;423026800;20;0.002;0.0220617;31;96097.55;8.2594576;47.3416092;5.66000000000003;64.56;-2.7;145.18;231.6646;5.66002480726847;0.00447434;0.007359456;-0.01337314;-0.462749;-8.833331;-4.193015
56057126;423027000;20;0.002;0.0220617;31.01;96096.25;8.2594576;47.3416092;5.66000000000003;64.52;-2.68;145.17;231.6544;5.66002480726847;0.005419658;0.008902283;-0.01675996;-0.4687041;-8.93998;-4.260844
56256829;423027200;20;0.002;0.0220617;31.02;96095.27;8.2594576;47.3416092;5.66000000000003;64.47;-2.67;145.16;231.9338;5.66002480726847;0.005030293;0.008699455;-0.01648013;-0.4813955;-9.221206;-4.390309
56456831;423027400;20;0.002;0.0220617;31.02;96094.36;8.2594576;47.3416092;5.66000000000003;64.45;-2.66;145.15;231.2565;5.66002480726847;0.004714136;0.008269561;-0.0144755;-0.4504353;-8.701132;-4.165969
56656864;423027600;20;0.001;0.0220617;31.03;96096.09;8.2594576;47.3416092;5.66000000000003;64.4;-2.65;145.14;231.6652;5.66002480726847;0.003609878;0.00629583;-0.01110376;-0.4602673;-8.915678;-4.250204
56856315;423027800;20;0.002;0.0220617;31.04;96097.16;8.2594576;47.3416092;5.66000000000003;64.37;-2.64;145.14;232.3117;5.66002480726847;0.003204383;0.006118374;-0.01066975;-0.4526221;-8.849479;-4.225801
57057248;423028000;20;0.002;0.0220617;31.05;96097.4;8.2594576;47.3416092;5.66000000000003;64.32;-2.63;145.13;233.382;5.66002480726847;0.003860425;0.007103146;-0.01249598;-0.4631343;-9.047336;-4.358272
57256877;423028200;20;0.002;0.0220617;31.05;96095.05;8.2594575;47.3416092;5.66000000000003;64.29;-2.62;145.12;232.954;5.66002480726847;0.004132201;0.007303726;-0.01302287;-0.4588889;-8.964708;-4.303204
57456361;423028400;20;0.001;0.0220617;31.06;96097;8.2594575;47.3416092;5.66000000000003;64.25;-2.6;145.11;232.081;5.66002480726847;0.005229688;0.008724373;-0.01511751;-0.4602828;-8.999619;-4.377378
57656780;423028600;20;0.001;0.0220617;31.07;96097.13;8.2594575;47.3416092;5.66000000000003;64.21;-2.59;145.11;231.994;5.66002480726847;0.00377498;0.006448662;-0.01080842;-0.4474226;-8.840979;-4.268382
57856997;423028800;20;0.001;0.0220617;31.08;96097.43;8.2594575;47.3416092;5.66000000000003;64.18;-2.59;145.1;232.0809;5.66002480726847;0.00425527;0.006287122;-0.01086107;-0.4434689;-8.800993;-4.260624
58056456;423029000;20;0.001;0.0220617;31.08;96096.58;8.2594575;47.3416092;5.66000000000003;64.16;-2.58;145.09;231.9929;5.66002480726847;0.005056942;0.007488202;-0.01278397;-0.4430189;-8.767243;-4.260456
58256625;423029200;20;0.001;0.0220617;31.09;96095.61;8.2594575;47.3416092;5.66000000000003;64.13;-2.57;145.08;230.8149;5.66002480726847;0.004792703;0.007096358;-0.01275079;-0.4493062;-8.982444;-4.337141
58456393;423029400;20;0.002;0.0220617;31.1;96096.95;8.2594575;47.3416092;5.66000000000003;64.1;-2.56;145.07;231.0789;5.66002480726847;0.00607586;0.008180747;-0.0146929;-0.4465889;-8.902997;-4.314972
58657073;423029600;20;0.001;0.0220617;31.1;96094.63;8.2594575;47.3416091;5.66000000000003;64.07;-2.56;145.06;232.1686;5.66002480726847;0.005557414;0.008134558;-0.01354064;-0.4429476;-8.821499;-4.311547
58856354;423029800;20;0.001;0.0220617;31.11;96096.52;8.2594575;47.3416091;5.66000000000003;64.05;-2.55;145.06;231.1022;5.66002480726847;0.004806838;0.006390109;-0.01097492;-0.4353696;-8.768171;-4.265207
59056749;423030000;20;0.001;0.0220617;31.11;96094.73;8.2594575;47.3416091;5.66000000000003;64.03;-2.55;145.05;230.4532;5.66002480726847;0.005012904;0.006554931;-0.01093027;-0.4348777;-8.76582;-4.279381
59257194;423030200;20;0.001;0.0220617;31.12;96095.82;8.2594575;47.3416091;5.66000000000003;64;-2.54;145.04;231.5677;5.66002480726847;0.005987344;0.008290877;-0.0135262;-0.4722587;-9.346663;-4.581465
59456998;423030400;20;0.001;0.0220617;31.13;96093.51;8.2594575;47.3416091;5.66000000000003;63.99;-2.53;145.03;229.8216;5.66002480726847;0.005911363;0.007889342;-0.0129531;-0.4488164;-8.966384;-4.381761
59656507;423030600;20;0.001;0.0220617;31.13;96093.45;8.2594575;47.3416091;5.66000000000003;63.96;-2.53;145.02;229.8808;5.66002480726847;0.005042392;0.006554755;-0.01088697;-0.4393144;-8.892084;-4.324605
59856360;423030800;20;0.001;0.0220617;31.14;96096.31;8.2594575;47.3416091;5.66000000000003;63.95;-2.53;145.01;232.1419;5.66002480726847;0.004859499;0.006239397;-0.01048636;-0.4353114;-8.801405;-4.29991
60056434;423031000;20;0.001;0.0220617;31.15;96096.58;8.2594575;47.3416091;5.66000000000003;63.93;-2.52;145.01;232.7646;5.66002480726847;0.006261367;0.007865669;-0.01316818;-0.4389372;-8.833625;-4.330919
60256513;423031200;20;0.001;0.0220617;31.15;96096.31;8.2594575;47.3416091;5.66000000000003;63.91;-2.52;145;234.5238;5.66002480726847;0.005242874;0.006757362;-0.01110416;-0.4362892;-8.859835;-4.332067
60457189;423031400;20;0.001;0.0220617;31.16;96096.64;8.2594575;47.3416091;5.66000000000003;63.89;-2.51;144.99;234.9114;5.66002480726847;0.006003655;0.007272584;-0.01192233;-0.4294925;-8.760652;-4.296699
60656774;423031600;20;0.001;0.0220617;31.17;96096.91;8.2594575;47.3416091;5.66000000000003;63.88;-2.51;144.98;234.3446;5.66002480726847;0.006227615;0.007709754;-0.01262968;-0.4253632;-8.67326;-4.257892
60856361;423031800;20;0.001;0.0220617;31.17;96093.33;8.2594575;47.3416091;5.66000000000003;63.86;-2.51;144.97;235.7645;5.66002480726847;0.00590554;0.007128184;-0.01148925;-0.4417436;-9.036077;-4.401095
61056512;423032000;20;0.001;0.0220617;31.18;96095.48;8.2594575;47.3416091;5.66000000000003;63.85;-2.5;144.96;235.2249;5.66002480726847;0.006362484;0.00779415;-0.01271232;-0.4276801;-8.738086;-4.281028
61256492;423032200;20;0.001;0.0220617;31.19;96095.55;8.2594575;47.3416091;5.66000000000003;63.84;-2.5;144.95;231.3437;5.66002480726847;0.005511172;0.006415212;-0.01035941;-0.4255486;-8.72147;-4.284293
61456767;423032400;20;0.001;0.0220617;31.19;96093.27;8.2594574;47.3416091;5.66000000000003;63.82;-2.5;144.95;231.3985;5.66002480726847;0.005484815;0.006697215;-0.01011203;-0.4308345;-8.805625;-4.32907
61656707;423032600;20;0.001;0.0220617;31.2;96097.77;8.2594574;47.3416091;5.66000000000003;63.81;-2.5;144.94;233.0255;5.66002480726847;0.006784556;0.007966782;-0.01269561;-0.4343351;-8.852917;-4.345312
61856730;423032800;20;0.001;0.0220617;31.2;96097.49;8.2594574;47.3416091;5.66000000000003;63.8;-2.5;144.93;231.5371;5.66002480726847;0.005658946;0.006788974;-0.01021749;-0.424316;-8.728101;-4.297011
62057269;423033000;20;0;0.0220617;31.21;96094.63;8.2594574;47.3416091;5.66000000000003;63.73;-2.47;144.92;239.8792;5.66002480726847;-0.005609604;0.01007706;-0.01547179;-0.4515541;-8.749732;-4.231699
62256525;423033200;20;0;0.0220617;31.22;96095.27;8.2594574;47.3416091;5.66000000000003;63.69;-2.46;144.92;240.4582;5.66002480726847;0.005663265;0.006885269;-0.01027557;-0.4220937;-8.776963;-4.344387
62456797;423033400;20;0.001;0.0220617;31.22;96093.73;8.2594574;47.3416091;5.66000000000003;63.63;-2.43;144.91;229.4792;5.66002480726847;0.006587295;0.007277968;-0.01172789;-0.4319297;-8.942841;-4.420395
62656629;423033600;20;0;0.0220617;31.23;96093.76;8.2594574;47.3416091;5.66000000000003;63.58;-2.41;144.91;287.9433;5.66002480726847;-0.002672468;0.01094872;-0.0179667;-0.3886857;-8.825278;-4.418828
62856835;423033800;20;0;0.0220617;31.23;96095.05;8.2594574;47.3416091;5.66000000000003;63.52;-2.39;144.9;320.4436;5.66002480726847;0.005112626;0.007657508;-0.01146667;-0.3899084;-8.838314;-4.463151
63056490;423034000;20;0.001;0.0220617;31.24;96095.61;8.2594574;47.3416091;5.66000000000003;63.47;-2.37;144.9;230.8424;5.66002480726847;0.00684538;0.007437139;-0.01083647;-0.4059037;-8.753636;-4.382052
63256555;423034200;20;0;0.0220617;31.24;96093.88;8.2594574;47.3416091;5.66000000000003;63.46;-2.37;144.89;290.0786;5.66002480726847;0.0009957583;0.009604946;-0.01452522;-0.3849843;-8.64617;-4.334214
63456323;423034400;20;0;0.0220617;31.25;96097.13;8.2594574;47.3416091;5.66000000000003;63.43;-2.36;144.89;356.3967;5.66002480726847;0.002994978;0.007190449;-0.01085986;-0.3786111;-8.800276;-4.45437
63656868;423034600;20;0;0.0220617;31.26;96094.52;8.2594574;47.3416091;5.66000000000003;63.38;-2.34;144.88;237.9801;5.66002480726847;0.005784814;0.006574725;-0.009640082;-0.4083497;-8.838704;-4.424524
63856937;423034800;20;0.001;0.0220617;31.26;96093.38;8.2594574;47.3416091;5.66000000000003;63.37;-2.34;144.87;227.8206;5.66002480726847;0.005536852;0.006325101;-0.008818436;-0.404906;-8.804078;-4.414966
64056421;423035000;20;0.001;0.0220617;31.27;96096.91;8.2594574;47.3416091;5.66000000000003;63.35;-2.33;144.87;228.1896;5.66002480726847;0.006216248;0.007029399;-0.01039115;-0.4124062;-8.958865;-4.485373
64256946;423035200;20;0.001;0.0220617;31.27;96094.2;8.2594574;47.3416091;5.66000000000003;63.35;-2.33;144.86;227.022;5.66002480726847;0.006285925;0.00708972;-0.01014223;-0.411211;-8.955415;-4.491903
64456664;423035400;20;0.001;0.0220617;31.28;96097.13;8.2594574;47.3416091;5.66000000000003;63.34;-2.33;144.86;228.8553;5.66002480726847;0.005752457;0.006161018;-0.008870962;-0.4075489;-8.872213;-4.443852
64657068;423035600;20;0.001;0.0220617;31.28;96095.21;8.2594574;47.3416091;5.66000000000003;63.34;-2.34;144.85;229.8378;5.66002480726847;0.005975716;0.006409971;-0.009315031;-0.4097393;-8.88875;-4.460374
64857270;423035800;20;0;0.0220617;31.29;96093.88;8.2594574;47.3416091;5.66000000000003;63.33;-2.34;144.84;228.0263;5.66002480726847;0.006033507;0.006587061;-0.009502899;-0.4067259;-8.876798;-4.450572
65057284;423036000;20;0.001;0.0220617;31.3;96095.94;8.2594574;47.3416091;5.66000000000003;63.33;-2.34;144.84;229.0338;5.66002480726847;0.005843736;0.006297249;-0.009120002;-0.4075997;-8.890118;-4.446732
65256429;423036200;20;0.001;0.0220617;31.3;96095.27;8.2594574;47.3416091;5.66000000000003;63.33;-2.34;144.83;230.4691;5.66002480726847;0.006539787;0.007405298;-0.01082534;-0.3990235;-8.726372;-4.375575
65456618;423036400;20;0.001;0.0220617;31.31;96097;8.2594574;47.3416091;5.66000000000003;63.33;-2.34;144.82;229.6114;5.66002480726847;0.005524429;0.006143608;-0.008598575;-0.4052534;-8.798329;-4.419343
65656710;423036600;20;0;0.0220617;31.31;96097.16;8.2594574;47.3416091;5.66000000000003;63.32;-2.34;144.82;227.6936;5.66002480726847;0.005618226;0.006447722;-0.008752564;-0.4016878;-8.746096;-4.39718
65856643;423036800;20;0;0.0220617;31.32;96097.16;8.2594574;47.3416091;5.66000000000003;63.32;-2.34;144.81;228.0497;5.66002480726847;0.006028026;0.006436964;-0.009531355;-0.409936;-8.944079;-4.472995
66056394;423037000;20;0;0.0220617;31.32;96094.42;8.2594574;47.3416091;5.66000000000003;63.32;-2.34;144.81;228.4005;5.66002480726847;0.00632009;0.006891214;-0.00980554;-0.4045398;-8.801142;-4.41967
66256486;423037200;20;0;0.0220617;31.33;96094.2;8.2594574;47.3416091;5.66000000000003;63.3;-2.34;144.8;230.2335;5.66002480726847;0.005930563;0.00604387;-0.008707527;-0.4083445;-8.830736;-4.431991
66457183;423037400;20;0;0.0220617;31.33;96096.91;8.2594574;47.3416091;5.66000000000003;63.3;-2.34;144.79;230.0194;5.66002480726847;0.006140572;0.00695506;-0.009610603;-0.3985086;-8.692269;-4.380103
66656866;423037600;20;0.001;0.0220617;31.34;96096.52;8.2594574;47.3416091;5.66000000000003;63.3;-2.34;144.79;229.4456;5.66002480726847;0.006567721;0.00734752;-0.01064462;-0.4063588;-8.820768;-4.426154
66856402;423037800;20;0.001;0.0220617;31.34;96093.88;8.2594574;47.3416091;5.66000000000003;63.3;-2.34;144.78;230.2708;5.66002480726847;0.006571862;0.006981409;-0.01021386;-0.4217358;-9.104065;-4.563167
67056838;423038000;20;0.001;0.0220617;31.35;96094.3;8.2594574;47.3416091;5.66000000000003;63.3;-2.34;144.77;227.9985;5.66002480726847;0.005928698;0.00662311;-0.009164332;-0.4079283;-8.833241;-4.440361
67256421;423038200;20;0.001;0.0220617;31.35;96096.25;8.2594574;47.3416091;5.66000000000003;63.29;-2.35;144.77;226.0823;5.66002480726847;0.006666415;0.007137431;-0.01040223;-0.4163805;-8.960173;-4.492936
67457181;423038400;20;0.001;0.0220617;31.36;96095.7;8.2594574;47.3416091;5.66000000000003;63.29;-2.35;144.75;225.6778;5.66002480726847;0.005812933;0.005808824;-0.008251971;-0.4087866;-8.819836;-4.432854
67657246;423038600;20;0;0.0220617;31.36;96096.79;8.2594574;47.3416091;5.66000000000003;63.29;-2.35;144.75;226.6018;5.66002480726847;0.005924799;0.006349707;-0.00878904;-0.4098307;-8.86684;-4.454811
67856914;423038800;20;0;0.0220617;31.37;96094.79;8.2594574;47.3416091;5.66000000000003;63.29;-2.35;144.74;227.2725;5.66002480726847;0.007267968;0.007823766;-0.01092626;-0.403218;-8.760698;-4.417121
68057311;423039000;20;0;0.0220617;31.37;96093.54;8.2594574;47.3416091;5.66000000000003;63.29;-2.35;144.73;226.8508;5.66002480726847;0.006796896;0.007796255;-0.01114565;-0.4126186;-8.898169;-4.473049
68256902;423039200;20;0;0.0220617;31.38;96095.05;8.2594573;47.3416091;5.66000000000003;63.29;-2.36;144.73;230.9823;5.66002480726847;0.007760013;0.00833038;-0.01230756;-0.4149537;-8.927803;-4.480238
68457225;423039400;20;0.001;0.0220617;31.38;96095.76;8.2594573;47.3416091;5.66000000000003;63.29;-2.36;144.72;230.877;5.66002480726847;0.006621886;0.007683697;-0.01067265;-0.4251825;-9.115256;-4.594349
68656842;423039600;20;0;0.0220617;31.39;96096.73;8.2594573;47.3416091;5.66000000000003;63.28;-2.36;144.71;228.994;5.66002480726847;0.007149921;0.008081551;-0.01154365;-0.4120879;-8.816307;-4.425885
68856386;423039800;20;0;0.0220617;31.39;96094.36;8.2594573;47.3416091;5.66000000000003;63.28;-2.36;144.71;228.4199;5.66002480726847;0.0073053;0.008310305;-0.01199505;-0.3928526;-8.565737;-4.313137
69056772;423040000;20;0.004;0.0220617;31.4;96095.34;8.2594573;47.3416091;5.66000000000003;63.1;-2.29;144.71;27.23615;5.66002480726847;-0.04320741;0.01837329;-0.02728756;-0.3630847;-8.682921;-4.495587
69256489;423040200;20;0.004;0.0220617;31.4;96096.85;8.2594573;47.3416091;5.66000000000003;63.05;-2.27;144.7;28.09349;5.66002480726847;0.005958812;0.00627981;-0.008539088;-0.4029877;-8.975449;-4.549091
69456470;423040400;20;0;0.0220617;31.41;96093.51;8.2594573;47.3416091;5.66000000000003;63.05;-2.27;144.7;220.7876;5.66002480726847;0.005921696;0.006374231;-0.00864182;-0.387428;-8.679052;-4.416656
69656980;423040600;20;0;0.0220617;31.41;96096.03;8.2594573;47.3416091;5.66000000000003;63.05;-2.27;144.69;222.6695;5.66002480726847;0.007064942;0.007658744;-0.01030512;-0.3903365;-8.689229;-4.417841
69857096;423040800;20;0;0.0220617;31.42;96095.21;8.2594573;47.3416091;5.66000000000003;63.05;-2.27;144.68;223.3087;5.66002480726847;0.005643653;0.006205817;-0.00771374;-0.3950229;-8.844614;-4.492317
70056873;423041000;20;0;0.0220617;31.42;96095.34;8.2594573;47.3416091;5.66000000000003;63.05;-2.28;144.68;223.9273;5.66002480726847;0.006573655;0.006988993;-0.009509343;-0.3956566;-8.826724;-4.487037
