Time [s];Humidity [%];Groundspeed [m/s];Airspeed [m/s];Temperature [deg C];Airpressure [kPas];Longitude;Latitude;Flight Height [m];Roll [deg];Pitch [deg];Yaw [deg];Energie [m];Energieableitung [m/s];GyroX;GyroY;GyroZ;AcceX;AcceY;AcceZ
21.29388;20;0.002;0.0220617;26.65;96095.67;8.1518466;46.73835;0;0.121300383013606;0.0862192650485199;0.823446341090925;2.48072684449541e-05;NaN;0.001866866;-0.0003085201;0.0004706873;0.68791;-1.179295;-9.790609
21.2939;20;0.002;0.0220617;26.67;96096.15;8.257222;47.3425159;5.68000000000001;0.121300383013606;0.0863937979737193;0.823446341090925;5.68002480726845;5.68000000000001;0.001676421;0.001738585;0.0004623615;0.893499;-1.372462;-9.649243
21.29392;20;0.005;0.0220617;26.7;96094.23;8.257222;47.3425159;5.68000000000001;0.121300383013606;0.0862192650485199;0.823620874016124;5.68002480726845;0;0.003644001;0.004655074;0.0001877482;0.864609;-1.222382;-9.691581
21.29394;20;0.003;0.0220617;26.74;96096.37;8.257222;47.3425159;5.68000000000001;0.121300383013606;0.0862192650485199;0.823620874016124;5.68002480726845;0;0.002766305;0.004402208;-0.0004138828;1.089572;-0.9968503;-9.644775
21.29396;20;0.002;0.0220617;26.77;96097.13;8.257222;47.3425159;5.68000000000001;0.121300383013606;0.0862192650485199;0.823620874016124;5.68002480726845;0;0.002356394;0.007492261;-0.0003336716;1.016411;-1.278478;-9.672462
21.29398;20;0.004;0.0220617;26.81;96095.05;8.257222;47.3425159;5.68000000000001;0.121300383013606;0.0862192650485199;0.823446341090925;5.68002480726845;0;0.003588599;0.005189515;0.0006414469;0.8019542;-1.174283;-9.757372
21.294;20;0.007;0.0220617;26.85;96093.88;8.257222;47.3425159;5.68000000000001;0.121300383013606;0.0863937979737193;0.823620874016124;5.68002480726845;0;0.001667788;0.004375332;0.0002591072;0.7203915;-1.283887;-9.780418
21.29402;20;0.003;0.0220617;26.88;96097.34;8.257222;47.3425159;5.68000000000001;0.121300383013606;0.0860447321233204;0.823620874016124;5.68002480726845;0;0.003485887;0.005337748;0.001346919;0.8871754;-1.307312;-9.67985
21.29404;20;0.004;0.0220617;26.91;96095.18;8.257222;47.3425159;5.68000000000001;0.121300383013606;0.0862192650485199;0.823620874016124;5.68002480726845;0;0.002856368;0.004622761;0.0006514604;0.6459574;-1.431733;-9.742616
21.29406;20;0.004;0.0220617;26.95;96094.23;8.257222;47.3425159;5.68000000000001;0.121300383013606;0.0862192650485199;0.823620874016124;5.68002480726845;0;0.001881542;0.004269557;0.0004762616;1.15042;-1.320393;-9.680483
21.29408;20;0.004;0.0220617;26.98;96095.34;8.257222;47.3425159;5.68000000000001;0.121300383013606;0.0862192650485199;0.823620874016124;5.68002480726845;0;0.001378498;0.005835847;-0.0001512445;0.9376498;-1.230677;-9.789915
21.2941;20;0.008;0.0220617;27.02;96096.37;8.257222;47.3425159;5.68000000000001;0.121300383013606;0.0862192650485199;0.823620874016124;5.68002480726845;0;0.002114563;0.003216483;-3.820181e-05;0.9976741;-1.095427;-9.76433
21.29412;20;0.007;0.0220617;27.05;96093.99;8.257222;47.3425159;5.68000000000001;0.121300383013606;0.0862192650485199;0.823620874016124;5.68002480726845;0;0.001069608;0.002113077;6.422683e-05;0.7458599;-1.264257;-9.71075
21.29414;20;0.002;0.0220617;27.09;96093.99;8.257222;47.3425159;5.68000000000001;0.121300383013606;0.0862192650485199;0.823620874016124;5.68002480726845;0;0.001748522;0.003282622;-0.0004898433;0.9033149;-1.23103;-9.748191
21.29416;20;0.003;0.0220617;27.12;96097;8.257222;47.3425159;5.68000000000001;0.121300383013606;0.0862192650485199;0.823446341090925;5.68002480726845;0;0.001536029;0.003932976;-0.0001649429;0.8892122;-1.067441;-9.726832
21.29418;20;0.003;0.0220617;27.15;96096.52;8.257222;47.3425159;5.68000000000001;0.121300383013606;0.0863937979737193;0.823446341090925;5.68002480726845;0;0.001547751;0.002404441;0.0002037726;0.9491778;-1.164785;-9.733436
21.2942;20;0.004;0.0220617;27.18;96095.7;8.257222;47.3425159;5.68000000000001;0.121300383013606;0.0863937979737193;0.823446341090925;5.68002480726845;0;0.00132854;0.004785122;0.0001334273;0.8275044;-1.270716;-9.742178
21.29422;20;0.006;0.0220617;27.22;96096.73;8.257222;47.3425159;5.68000000000001;0.121300383013606;0.0863937979737193;0.823620874016124;5.68002480726845;0;0.001455899;0.001991311;0.0004922203;0.7278591;-1.124295;-9.758787
21.29424;20;0.005;0.0220617;27.25;96096.09;8.257222;47.3425159;5.68000000000001;0.121300383013606;0.0863937979737193;0.823620874016124;5.68002480726845;0;0.001517329;0.001725512;5.575113e-05;0.8306934;-1.297065;-9.646273
21.29426;20;0.005;0.0220617;27.28;96094.97;8.257222;47.3425159;5.68000000000001;0.121300383013606;0.0863937979737193;0.823620874016124;5.68002480726845;0;0.001812071;0.002643071;-4.526704e-05;0.8065454;-1.205546;-9.719229
21.29428;20;0.005;0.0220617;27.31;96094.36;8.257222;47.3425159;5.68000000000001;0.121300383013606;0.0862192650485199;0.823446341090925;5.68002480726845;0;0.001386364;0.002714596;-0.0004929318;1.030987;-1.143777;-9.744208
21.2943;20;0.004;0.0220617;27.35;96094.23;8.257222;47.3425159;5.68000000000001;0.121300383013606;0.0863937979737193;0.823620874016124;5.68002480726845;0;0.0009297205;0.005356953;-3.813962e-05;0.9506996;-1.151695;-9.720151
21.29432;20;0.004;0.0220617;27.38;96096.46;8.257222;47.3425159;5.68000000000001;0.121300383013606;0.0863937979737193;0.823446341090925;5.68002480726845;0;0.001859773;0.00261899;0.0003878669;0.9704176;-1.011046;-9.794608
21.29434;20;0.001;0.0220617;27.41;96094.36;8.257222;47.3425159;5.68000000000001;0.121300383013606;0.0863937979737193;0.823446341090925;5.68002480726845;0;0.001359455;-0.0006025066;3.077152e-05;0.7689947;-1.143789;-9.80918
21.29436;20;0.007;0.0220617;27.44;96097.16;8.257222;47.3425159;5.68000000000001;0.121300383013606;0.0863937979737193;0.823620874016124;5.68002480726845;0;0.0008164218;0.004315255;0.0005428421;0.7907571;-1.009388;-9.798058
21.29438;20;0.008;0.0220617;27.47;96094.48;8.257222;47.3425159;5.68000000000001;0.121300383013606;0.0863937979737193;0.823620874016124;5.68002480726845;0;0.001024436;0.004446513;0.0001479682;0.8648697;-1.236751;-9.67377
21.2944;20;0.001;0.0220617;27.5;96096.03;8.257222;47.3425159;5.68000000000001;0.121300383013606;0.0863937979737193;0.823620874016124;5.68002480726845;0;0.001879581;0.008138971;-0.0007804803;1.043104;-1.309467;-9.678782
21.29442;20;0.004;0.0220617;27.53;96093.33;8.257222;47.3425159;5.68000000000001;0.121300383013606;0.0863937979737193;0.823620874016124;5.68002480726845;0;0.001386487;0.004887382;-0.0002900942;0.7978683;-1.006378;-9.782423
21.29444;20;0.004;0.0220617;27.56;96096.91;8.257222;47.3425159;5.68000000000001;0.121300383013606;0.0863937979737193;0.823620874016124;5.68002480726845;0;0.001166913;0.002645187;9.077447e-05;0.9574874;-1.103286;-9.686417
21.29446;20;0.004;0.0220617;27.59;96094.91;8.257222;47.3425159;5.68000000000001;0.121300383013606;0.0863937979737193;0.823620874016124;5.68002480726845;0;0.002277428;0.005368935;0.0002012411;0.8088244;-1.273025;-9.717577
21.29448;20;0.006;0.0220617;27.62;96097;8.257222;47.3425159;5.68000000000001;0.121300383013606;0.0863937979737193;0.823620874016124;5.68002480726845;0;0.001677518;0.004303284;-0.0005540709;1.047235;-1.222264;-9.719064
21.2945;20;0.003;0.0220617;27.65;96096.58;8.257222;47.3425159;5.68000000000001;0.121300383013606;0.0863937979737193;0.823620874016124;5.68002480726845;0;0.002022631;0.004312229;0.0002224322;0.9401727;-1.233082;-9.752065
21.29452;20;0.004;0.0220617;27.68;96093.45;8.257222;47.3425159;5.68000000000001;0.121300383013606;0.0863937979737193;0.823620874016124;5.68002480726845;0;0.001336542;0.004153752;0.000251165;0.6698189;-1.115909;-9.789436
21.29454;20;0.004;0.0220617;27.71;96095.4;8.257222;47.3425159;5.68000000000001;0.121300383013606;0.0863937979737193;0.823620874016124;5.68002480726845;0;0.001442138;0.005158582;-0.0002364048;0.6982094;-1.148575;-9.739646
21.29456;20;0.005;0.0220617;27.74;96093.12;8.257222;47.3425159;5.68000000000001;0.121300383013606;0.0865683308989187;0.823795406941324;5.68002480726845;0;0.001395484;0.003602461;0.0004303953;0.9824157;-1.002212;-9.714222
21.29458;20;0.001;0.0220617;27.77;96096.64;8.257222;47.3425159;5.68000000000001;0.121300383013606;0.0865683308989187;0.823620874016124;5.68002480726845;0;0.002211518;0.003537979;1.950175e-05;0.9685236;-1.149433;-9.752377
21.2946;20;0.007;0.0220617;27.8;96096.64;8.257222;47.3425159;5.68000000000001;0.121300383013606;0.0865683308989187;0.823620874016124;5.68002480726845;0;0.001669957;0.002303493;0.0003277979;0.8723753;-1.216685;-9.744267
21.29462;20;0.005;0.0220617;27.83;96095.55;8.257222;47.3425159;5.68000000000001;0.121300383013606;0.0863937979737193;0.823620874016124;5.68002480726845;0;0.001474605;0.006700109;5.476527e-05;0.6924562;-1.01262;-9.781015
21.29464;20;0.004;0.0220617;27.86;96093.17;8.257222;47.3425159;5.68000000000001;0.121300383013606;0.0863937979737193;0.823620874016124;5.68002480726845;0;0.001834497;0.006317058;-0.0005984789;0.9040343;-1.151623;-9.737659
21.29466;20;0.005;0.0220617;27.89;96096.58;8.257222;47.3425159;5.68000000000001;0.121300383013606;0.0865683308989187;0.823620874016124;5.68002480726845;0;0.00142494;0.005609636;-0.0003548468;0.6508187;-1.318857;-9.804353
21.29468;20;0.005;0.0220617;27.91;96097.34;8.257222;47.3425159;5.68000000000001;0.121300383013606;0.0863937979737193;0.823620874016124;5.68002480726845;0;0.002540997;0.01117462;-0.0001781667;0.8816395;-1.133155;-9.747909
21.2947;20;0.004;0.0220617;27.94;96096.31;8.257222;47.3425159;5.68000000000001;0.121300383013606;0.0863937979737193;0.823620874016124;5.68002480726845;0;0.00131713;0.0007578304;0.0006072334;0.8634164;-1.006249;-9.684254
21.29472;20;0.001;0.0220617;27.97;96096.03;8.257222;47.3425159;5.68000000000001;0.121300383013606;0.0863937979737193;0.823620874016124;5.68002480726845;0;0.001484646;0.003772048;0.000265589;0.8562985;-1.216796;-9.701962
21.29474;20;0.001;0.0220617;28;96096.64;8.257222;47.3425159;5.68000000000001;0.121300383013606;0.0863937979737193;0.823620874016124;5.68002480726845;0;0.001669198;0.004436949;0.0001554088;0.8073578;-1.167933;-9.705517
21.29476;20;0.001;0.0220617;28.02;96094.58;8.257222;47.3425159;5.68000000000001;0.121300383013606;0.0865683308989187;0.823620874016124;5.68002480726845;0;0.001035455;0.002410511;0.0005736735;0.860848;-1.202689;-9.676806
21.29478;20;0.005;0.0220617;28.05;96093.51;8.257222;47.3425159;5.68000000000001;0.121300383013606;0.0863937979737193;0.823620874016124;5.68002480726845;0;0.002467637;0.004344714;0.0006362814;0.8032116;-1.327101;-9.733482
21.2948;20;0.001;0.0220617;28.08;96094.63;8.257222;47.3425159;5.68000000000001;0.121300383013606;0.0865683308989187;0.823620874016124;5.68002480726845;0;0.001391992;0.001693488;-0.0001502907;0.8638846;-1.238773;-9.623464
21.29482;20;0;0.0220617;28.1;96093.17;8.257222;47.3425159;5.68000000000001;0.121300383013606;0.0865683308989187;0.823620874016124;5.68002480726845;0;0.002313529;0.004982284;6.949956e-05;0.9713792;-1.263615;-9.701108
21.29484;20;0.001;0.0220617;28.13;96093.33;8.257222;47.3425159;5.68000000000001;0.121300383013606;0.0865683308989187;0.823620874016124;5.68002480726845;0;0.001335289;0.001692251;-2.084356e-05;0.9030211;-1.213684;-9.704664
21.29486;20;0.028;0.0220617;28.16;96093.27;8.257222;47.3425159;5.68000000000001;0.121300383013606;0.085870199198121;0.823271808165725;5.68002480726845;0;0.000834464;-0.04803592;-0.005854304;2.982836;-1.093484;-9.419914
21.29488;20;0.9070001;0.0220617;28.18;96094.84;8.2572226;47.3425163;5.68000000000001;0.117809724509617;-0.0734783615089613;0.801804258366195;5.68002480726845;0;-0.02752199;-1.546199;-0.01620602;16.0646;-1.244694;-9.88587
21.2949;20;2.898;2.825018;28.21;96094.84;8.2572265;47.3425189;5.69999999999999;0.123569311041199;-0.345400658969678;0.74787358447957;6.10676486749866;0.426740060230212;-0.06246319;-0.4531876;-0.1462679;1.851925;-2.001609;-12.23296
21.29492;20;4.816;4.892975;28.24;96095.7;8.2572344;47.3425244;5.70999999999998;0.120776784238008;-0.253770873239975;0.721170046924057;6.93024487006242;0.823480002563753;-0.05270504;0.6244514;-0.2166284;17.22746;-0.4166858;3.575714
21.29494;20;6.853;6.919677;28.26;96096.52;8.2572452;47.3425322;5.69999999999999;0.1232202451908;-0.0966912405604859;0.705811149506507;8.14046533049586;1.21022046043344;-0.02857708;0.9110963;-0.09104805;16.42951;-0.2779242;2.890168
21.29496;20;9.483001;10.18546;28.29;96096.19;8.2572599;47.3425433;5.69999999999999;0.119555053761612;0.150621914447111;0.72937309440843;10.9876450260754;2.84717969557956;-0.05304325;0.2953468;0.02683891;15.72752;-0.5097247;-10.42737
21.29498;20;12.23;12.6335;28.31;96091.65;8.2572793;47.3425579;5.78000000000003;0.112922802604033;0.233525053916841;0.754680368562348;13.9148278414883;2.92718281541288;-0.05118942;0.8067009;0.08691979;16.24244;-0.1120919;-13.98772
21.295;20;14.655;15.21274;28.34;96087.34;8.2573031;47.3425754;6.05000000000001;0.112399203828435;0.269304303582725;0.772831792783089;17.8454871716412;3.93065933015289;-0.0250692;-0.5270206;0.0765875;14.71686;-0.02515569;-17.53144
21.29502;20;16.721;17.18342;28.36;96081.98;8.2573306;47.3425946;6.61000000000001;0.106988683147252;0.142593399887937;0.771086463531095;21.6594354177574;3.81394824611621;-0.0391682;-0.6064479;0.05710626;12.0419;-0.0393095;-2.563732
21.29504;20;18.708;18.7385;28.38;96074.26;8.2573601;47.3426148;7.24000000000001;0.0959931088596881;0.0502654824574367;0.774053523259485;25.1366045998981;3.47716918214066;-0.05656374;-0.3132896;0.06082679;10.97614;-0.005367058;-3.19133
21.29506;20;20.679;20.56584;28.41;96071.49;8.257394;47.3426379;7.69999999999999;0.0900589894029074;0.0153588974175501;0.779464043940667;29.2572770084404;4.12067240854229;-0.02236297;-0.1710479;0.04713838;9.943003;0.03586653;-6.126412
21.29508;20;22.604;22.42222;28.43;96067.94;8.2574338;47.3426648;8.03000000000003;0.0869173967493176;0.00174532925199433;0.786968959724243;33.6546661431397;4.39738913469932;-0.007165722;0.1224667;0.03167398;8.879607;-0.02619597;-9.554486
21.2951;20;24.356;24.13625;28.45;96064.45;8.2574778;47.3426942;8.30000000000001;0.0862192650485199;0.0235619449019235;0.793426677956622;37.9920776790265;4.33741153588684;-0.005702907;0.04815587;0.03041331;7.873599;-0.0725673;-13.32276
21.29512;20;25.925;25.58087;28.48;96059.45;8.2575274;47.3427269;8.66000000000003;0.084648468721725;0.0418879020478639;0.803025988842591;42.0127477042253;4.02067002519879;-0.008272962;0.1149104;0.03240594;6.67841;-0.05355812;-12.99096
21.29514;20;27.19;26.65037;28.5;96055.14;8.2575788;47.3427602;9.15000000000003;0.0839503370209272;0.0776671517137477;0.811752635102563;45.3499093341947;3.33716162996942;-0.004895949;0.2191252;0.02889603;5.913413;-0.03983423;-15.88062
21.29516;20;28.097;27.67859;28.52;96043.95;8.2576305;47.3427931;9.81999999999999;0.0825540736193318;0.167726141116655;0.824493538642121;48.8671123541335;3.5172030199388;-0.03768501;0.8105921;0.02428439;5.17942;-0.06832725;-20.02733
21.29518;20;27.419;28.10773;28.54;96026.7;8.2576848;47.3428269;10.99;0.0959931088596881;0.745604656451978;0.887150858788718;51.2573030455097;2.39019069137616;-0.1280688;3.816131;0.02889084;15.6455;0.01167577;-82.68019
21.2952;20;20.552;26.0446;28.55;95986.73;8.2577337;47.3428555;13.64;0.298800367941429;1.33220981804727;1.12643549923714;48.212945420999;-3.04435762451072;0.00195406;2.009536;0.01926414;18.55632;0.3341042;-78.48416
21.29522;20;8.215;25.73637;28.56;95926.98;8.2577649;47.3428713;18.1;1.77307998710104;1.50185582134112;2.60891816588112;51.8594669101376;3.64652148913867;-0.003560619;1.296917;-0.01099996;11.67668;-0.1974796;-56.79742
21.29524;20;2.709;25.42441;28.56;95861.93;8.2577731;47.3428718;23.53;2.66337243854335;1.41755641846979;3.50497020385501;56.4760052929715;4.61653838283385;-0.01350023;0.2287287;0.03627769;6.65554;-0.1754198;-9.656521
21.29526;20;6.354;24.94914;28.57;95807.25;8.2577679;47.3428639;28.83;2.76547419978501;1.35001217641761;3.61370421625426;60.5557689469725;4.07976365400098;-0.02082441;0.3520495;0.04151548;6.773817;0.03549866;-6.803089
21.29528;20;7.884;24.6272;28.57;95753.21;8.2577585;47.3428535;33.59;2.82795698700641;1.28334059899143;3.68159752415684;64.5022823567788;3.94651340980636;-0.01508556;0.3579556;0.03084882;7.007414;0.02525608;-6.662687
21.2953;20;9.459001;24.301;28.58;95697.04;8.2577458;47.3428408;38.33;2.86967035612908;1.21195663258486;3.72889594688589;68.4288073904179;3.92652503363909;-0.01545741;0.3570293;0.03206334;7.166069;-0.04244104;-5.91174
21.29532;20;11.064;23.97036;28.59;95647.28;8.2577296;47.3428257;43.03;2.89009070837741;1.14633225270988;3.7549013527406;72.3153291809175;3.88652179049954;-0.01924693;0.2709079;0.03922793;7.202134;-0.05506752;-5.182882
21.29534;20;11.915;23.46567;28.59;95596.03;8.2577106;47.3428086;47.55;2.81870674197084;1.21771621911644;3.68089939245604;75.6151207211468;3.29979154022934;-0.01802182;-0.8305417;0.04150073;7.994358;-0.07583625;15.91828
21.29536;20;10.855;22.94988;28.6;95546.35;8.2576928;47.342792;51.88;2.74295945243429;1.25332093585713;3.60637383339588;78.7249027530275;3.10978203188073;-0.0217406;0.3426678;0.04756498;7.918308;-0.08640286;6.097151
21.29538;20;10.111;22.77535;28.61;95497.36;8.2576783;47.342777;56.09;2.78641815080895;1.19014001693493;3.65611571707772;82.5281532937054;3.80325054067791;-0.02588335;0.3738235;0.05166916;8.111448;-0.08130755;-4.990064
21.2954;20;11.216;22.77535;28.61;95446.66;8.2576631;47.342761;60.37;2.80823476645888;1.12346843950875;3.68613538021202;86.8081532937054;4.27999999999997;-0.02870868;0.2825444;0.05678181;8.015771;-0.07798149;-3.787733
21.29542;20;12.42;22.59948;28.62;95402.93;8.2576453;47.342743;64.58;2.77210645094259;1.12067591270556;3.65541758537692;90.6114218282569;3.80326853455146;-0.05596562;-0.3228022;0.05519959;7.897921;-0.1181652;4.44358
21.29544;20;12.413;22.24356;28.63;95357.87;8.2576272;47.3427244;68.56;2.72463349528835;1.21911248251804;3.61160982115187;93.7779389130275;3.16651708477066;-0.00736765;-0.5744657;-0.2592046;8.466849;-0.1200649;13.04812
21.29546;20;10.75;21.69874;28.63;95308.86;8.2576114;47.3427066;72.57;2.69705729310684;1.33500234485046;3.58769881039954;96.56772260895;2.78978369592252;-0.09116797;-0.6985558;-0.1182017;9.303159;-2.9878;17.24472
21.29548;20;8.137;20.95028;28.64;95264.2;8.2576003;47.3426915;76.66;1.93539560753651;1.47515228378561;2.84855187217995;99.0307559672987;2.46303335834864;-0.1400568;-0.818406;-0.06012477;9.796575;-2.341115;17.74062
21.2955;20;5.268;20.3709;28.64;95214.66;8.2575951;47.3426803;80.83;0.618195621056392;1.4460052852773;1.55002690869616;101.980538573394;2.94978260609579;-0.1623449;-0.828792;-0.1033596;9.905981;-2.726112;17.24642
21.29552;20;3.368;19.77455;28.64;95161.52;8.2575969;47.3426729;85.24;0.153414441250302;1.24756134932555;1.12416657120955;105.17031741603;3.18977884263504;-0.198511;-0.9007145;-0.02306071;10.45838;-2.545002;15.62317
21.29554;20;4.861;19.36678;28.65;95117.84;8.2576059;47.3426702;89.42;0.0537561409614253;1.04213609636581;1.05906579011016;108.536828112559;3.3665106965291;-0.2208856;-1.203934;-0.03778584;10.65132;-2.226647;16.37051
21.29556;20;8.441;18.30768;28.65;95071.85;8.2576232;47.3426721;93.32;-0.0130899693899575;0.731292956585624;1.03707464153503;110.403136951193;1.86630883863403;-0.2840011;-2.351759;0.006972728;11.3861;-2.86393;24.937
21.29558;20;12.948;16.94962;28.66;95039.36;8.2576496;47.3426788;96.66;-0.0644026493985908;0.251152879361984;1.0775662801813;111.30269205629;0.899555105096866;-0.3643409;-2.555925;0.1835931;12.68898;-2.422634;30.37389
21.2956;20;16.516;15.98024;28.68;95023.45;8.2576846;47.3426895;98.7500000000001;-0.127059969545187;-0.278030949842697;1.18787108890734;111.765701858186;0.463009801896064;-0.1957455;-1.856419;0.2608729;13.13658;-0.3116359;29.67456
21.29562;20;17.976;16.94962;28.7;95021.19;8.2577274;47.3427022;99.41;-0.177849050778222;-0.5846852994181;1.2611749174911;114.05269205629;2.28699019810394;-0.02663653;-1.306073;0.009795059;12.26476;0.4782746;25.38028
21.29564;20;18.025;19.57173;28.72;95035.38;8.2577714;47.342714;98.57;-0.179943445880615;-0.679980276576991;1.26833076742428;118.093578756009;4.04088669971965;0.02399663;-0.1826917;-0.08019826;9.729198;0.2978658;7.100929
21.29566;20;18.449;22.24356;28.75;95064.8;8.2578156;47.3427247;96.55;-0.176801853227026;-0.792903079181024;1.27199595885347;121.767938913028;3.67436015701837;0.02922155;-0.8200426;-0.07925595;7.494875;-0.02676725;3.058458
21.29568;20;18.266;24.13625;28.78;95101.06;8.257863;47.3427355;93.6200000000001;-0.218864288200089;-1.0154325588103;1.32941729124408;123.312077679027;1.54413876599904;0.02055489;-1.082841;-0.04269319;7.74854;-0.02149945;26.42118
21.2957;20;16.801;26.65037;28.81;95150.47;8.2579076;47.3427449;89.82;-0.209788576089718;-1.03690010860983;1.3233086388621;126.019909334195;2.70783165516812;0.01618284;0.5260728;-0.03523777;4.384524;-0.01864744;-9.274553
21.29572;20;17.634;29.22134;28.85;95200.31;8.2579502;47.3427534;85.32;-0.172089464246641;-0.948935514309317;1.28002447341264;128.841239112926;2.82132977873087;0.004767147;0.4071736;-0.02963669;3.085698;0.02347077;-19.36613
21.29574;20;20.803;30.94559;28.88;95255.47;8.2579981;47.3427636;80.6;-0.140848070635942;-0.833045651976893;1.24162722986877;129.408845078904;0.567605965978572;0.004523323;0.6317871;-0.01669736;-4.304857;0.0433511;-24.37642
21.29576;20;24.602;31.58372;28.92;95307.2;8.2580534;47.3427767;76.1;-0.113446401379631;-0.620639082009184;1.2016591899981;126.942577422956;-2.466267655948;0.005896715;1.544257;-0.02142601;-3.410745;0.1528073;-56.56143
21.29578;20;28.825;31.45713;28.95;95345.15;8.2581209;47.3427947;72.35;-0.0914552528045029;-0.276285620590702;1.15523343189505;122.785832203716;-4.15674521924052;0.006487485;1.514078;-0.02784201;-7.917271;0.07349274;-54.59392
21.2958;20;31.112;30.29404;28.97;95363.55;8.2581967;47.342817;70.13;-0.0863937979737193;0.0356047167406843;1.12294484073315;116.905171229439;-5.88066097427628;0.006556987;1.575257;-0.01676515;-7.204242;0.04300829;-56.4507
21.29582;20;29.975;28.66994;28.99;95359.95;8.2582703;47.3428406;69.83;-0.0923279174305;0.380481776934764;1.08908545324446;111.724263996106;-5.18090723333333;0.006553399;1.721515;-0.0107278;-4.455879;0.2045694;-60.5128
21.29584;20;25.975;26.65037;29;95333.34;8.2583361;47.3428635;71.31;-0.10157816246607;0.55710909723659;1.06639617296854;107.509909334195;-4.2143546619113;0.009210238;0.7558911;-0.02747488;-6.013699;0.2302274;-36.93787
21.29586;20;21.397;24.46465;29.01;95297.95;8.2583906;47.342884;74.06;-0.111875605052837;0.650135146367888;1.04457955731861;104.565560633155;-2.94434870103976;0.009703571;0.121395;-0.03528164;-6.211867;0.1560802;-15.47301
21.29588;20;18.311;22.06345;29.01;95260.24;8.2584366;47.3429024;77.29;-0.109606677025244;0.633379985548742;1.03881997078702;102.101204174439;-2.46435645871557;0.1524727;-0.3292491;-0.03494771;-5.450202;0.1389627;-4.238824
21.2959;20;16.799;19.97531;29.02;95226.97;8.2584771;47.342919;80.33;-0.041538836197465;0.509287075731945;1.04231062929101;100.667054515601;-1.43414965883797;0.3255897;-0.5903611;-0.01930211;-4.186575;0.2646347;3.027585
21.29592;20;16.207;17.86647;29.02;95200.16;8.2585143;47.3429344;82.84;-0.000349065850398866;0.419228086329038;1.04039076711382;99.1096610734403;-1.55739344216107;0.2256461;-0.5398768;-0.0270328;-3.5135;0.2778941;2.880901
21.29594;20;15.763;16.47206;29.03;95180.58;8.2585509;47.3429495;84.81;0.0256563400043166;0.315206462910176;1.03044239037745;98.6391926933537;-0.470468380086615;0.0303907;-0.2883868;-0.03568023;-2.909643;0.09758545;0.2503337
21.29596;20;15.516;15.72857;29.05;95165.1;8.2585854;47.3429636;86.2500000000001;0.0237364778271229;0.291469985083053;1.02468280384587;98.8589660675281;0.219773374174366;-0.02129536;-0.1503222;-0.01941796;6.972873;-0.1088061;-3.781632
21.29598;20;16.513;17.18342;29.06;95152.55;8.2586208;47.342978;87.39;0.0171042266695444;0.203505390782539;1.02450827092067;102.439435417757;3.58046935022935;-0.02965026;-0.5876783;0.02212048;11.28195;-0.06470283;-4.600886
21.3;20;18.554;18.52434;29.07;95141.23;8.2586611;47.3429945;88.3800000000001;0.0118682389135614;-0.032637657012294;1.02503186969627;105.869866077248;3.43043065949033;-0.02482715;-1.868379;0.01995363;10.62613;0.0368231;14.0594
21.30002;20;20.214;19.57173;29.09;95141.45;8.2587051;47.3430124;88.84;0.00785398163397448;-0.431270858167799;1.02485733677107;108.363578756009;2.49371267876138;-0.01171991;-1.497519;0.01442891;10.83451;0.07406592;22.88006
21.30004;20;20.761;21.32779;29.11;95153.58;8.258751;47.3430313;88.19;0.00593411945678072;-0.614181363776805;1.02573000139707;111.374231716825;3.01065296081552;-0.003350328;-0.6121541;0.00863264;8.721638;0.08632644;13.42188
21.30006;20;20.897;23.6351;29.14;95181.76;8.2587976;47.3430504;86.3800000000001;0.00541052068118242;-0.671602696167418;1.02642813309787;114.851862997452;3.47763128062697;0.001335706;-0.1038753;0.003229202;6.732332;0.07368468;0.5385946
21.30008;20;22.018;26.0446;29.16;95213.3;8.2588462;47.3430704;83.74;0.00523598775598299;-0.632681853847945;1.02712626479866;118.312945420999;3.4610824235473;0.001244231;0.248295;0.001104102;5.577104;0.03535308;-13.53148
21.3001;20;24.282;28.24934;29.19;95249.73;8.2588998;47.3430923;80.67;0.00506145483078356;-0.586430628670095;1.02764986357426;121.344067810173;3.03112238917437;0.0005231322;0.3105499;0.002719999;3.958851;0.02156113;-17.72387
21.30012;20;26.884;30.02946;29.22;95282.83;8.258958;47.3431162;77.65;0.00453785605518526;-0.519060919543114;1.02869706112546;123.611695611193;2.26762780101939;0.0006371968;0.3849321;0.003416393;2.602946;0.03051385;-20.82497
21.30014;20;29.379;31.45713;29.25;95316.38;8.2590223;47.3431424;74.83;0.00401425727958696;-0.416435559525847;1.02991879160185;125.265832203716;1.65413659252289;0.0009022153;0.4528626;0.002651995;1.343601;0.03616696;-23.88825
21.30016;20;31.646;32.57872;29.27;95342.3;8.2590927;47.3431711;72.34;0.00383972435438753;-0.319395253114962;1.03079145622785;126.436483019286;1.17065081557089;0.0009049113;0.4994603;0.002695988;0.4520684;0.0364775;-26.39048
21.30018;20;33.438;33.30548;29.3;95362.16;8.2591654;47.3432006;70.44;0.00366519142918809;-0.217468024798493;1.03166412085385;126.976951989317;0.54046897003056;0.000898746;0.5351021;0.002767674;-0.1643874;0.0347536;-28.15633
21.3002;20;34.685;33.7813;29.32;95373.62;8.2592418;47.3432316;69.17;0.00366519142918809;-0.106465084371654;1.03253678547985;127.33392608002;0.356974090703375;0.0009132061;0.557303;0.002611383;-0.5550722;0.03807857;-29.40395
21.30022;20;35.326;34.01671;29.33;95372.86;8.2593235;47.3432647;68.6;0.00366519142918809;-0.0106465084371654;1.03323491718064;127.577398533338;0.243472453318049;0.0007987521;0.5743635;0.002744139;-0.6310301;0.03611261;-30.18411
21.30024;20;35.27;34.01671;29.35;95367.27;8.2594046;47.3432975;68.83;0.00383972435438753;0.100530964914873;1.03410758180664;127.807398533338;0.229999999999961;0.01077503;0.5668254;0.003007039;-0.658347;0.06196482;-30.00591
21.30026;20;34.887;34.01671;29.36;95356.15;8.2594827;47.3433289;69.8;0.323933109170148;0.156381500978692;1.05941485596056;128.777398533338;0.970000000000027;2.325475;0.07491672;0.1519276;2.376379;2.751342;-13.19286
21.30028;20;34.724;34.1338;29.37;95334.36;8.2595628;47.3433596;71.23;0.710349005561692;0.184481301935801;1.08943451909486;130.61411327421;1.83671474087157;2.305927;0.2510708;0.04485577;2.363026;2.210641;-18.30709
21.3003;20;34.851;34.2505;29.37;95316.8;8.259646;47.3433876;72.83;1.28142073681424;0.182212373908208;1.13306775039472;132.620863927115;2.00675065290517;2.376711;0.05387706;0.1839832;1.896981;1.669317;-9.026392
21.30032;20;35.242;34.3668;29.38;95299.8;8.2597326;47.343412;74.34;1.77098559199865;0.139451807234347;1.18647482550575;134.537601541284;1.91673761416919;2.306036;0.4637389;0.1970878;1.898557;2.255582;-12.48079
21.30034;20;35.839;34.71337;29.4;95293.03;8.2598208;47.343433;75.43;2.13506127396466;0.078190750489346;1.25541533095952;136.847841832666;2.31024029138126;2.259438;0.5803516;0.2050762;1.797667;2.369332;-17.59896
21.30036;20;36.341;35.0565;29.41;95289.86;8.2599103;47.3434498;75.83;2.47662220857995;-0.0626573201465964;1.34303085940964;138.468032224771;1.62019039210497;0.346815;0.8159238;0.07659544;-2.00863;1.621778;-23.05669
21.30038;20;35.9;35.28341;29.43;95303.76;8.2600042;47.3434622;75.24;2.43543243823289;-0.322187779918153;1.54793251359377;138.69153013395;0.2234979091794;-0.03046958;2.032177;0.08120412;-0.4560482;-1.379199;-57.32697
21.3004;20;32.886;36.06634;29.46;95335.75;8.2600964;47.3434656;73.11;2.25060207044669;-0.682947336305381;1.9097392675322;139.408719724546;0.717189590596291;-0.02688242;2.385943;0.1825313;1.773008;-0.7395102;-83.68647
21.30042;20;26.738;37.26343;29.49;95393.2;8.2601745;47.3434529;68.82;1.92405096739855;-0.896226570899088;2.35863795114514;139.592844819822;0.184125095275306;-0.01546142;2.245263;0.1351774;0.6055597;-0.3074114;-87.43802
21.30044;20;22.199;38.63038;29.54;95470.3;8.2602215;47.3434232;62.81;1.21108396795887;-0.926246234033391;3.23409510394549;138.870461719898;-0.722383099923547;-0.01814755;2.233379;0.1192915;-0.7924092;-0.5581598;-90.58492
21.30046;20;25.46;39.64983;29.58;95539.6;8.2602251;47.3433832;56.51;0.824144472791722;-0.730420291959627;3.74634923940583;136.63788068445;-2.23258103544853;-0.04508008;2.724551;0.118926;0.9341503;-0.5379602;-112.4026
21.30048;20;33.863;40.14985;29.61;95594.77;8.2601824;47.3433409;51.29;0.598124334658457;-0.336499479784507;4.16644999036086;133.451593018476;-3.18628766597348;-0.01437422;2.196282;0.1120878;0.399014;-0.4962402;-114.5585
21.3005;20;39.986;39.85059;29.64;95615.78;8.2601012;47.3433047;48.23;0.554316570433399;-0.127583568320785;4.33819038875711;129.171362046284;-4.28023097219165;-0.02270717;0.7348598;0.1119121;-6.432598;-0.5273206;-42.6697
21.30052;20;41.026;39.14342;29.65;95622.74;8.2599995;47.3432772;47.19;0.035081117965086;-0.0291469985083053;4.36070513610783;125.284155417757;-3.88720662852703;-3.766663;0.5564001;-0.1482708;-5.428077;-7.239988;-38.22804
21.30054;20;40.297;38.52695;29.67;95612.23;8.2598917;47.3432537;47.51;-0.762359817271123;0.0511381470834339;4.38548881148615;123.163714388507;-2.12044102925077;-3.93683;0.1402645;0.2074952;-4.918186;-5.727493;-26.10682
21.30056;20;39.356;37.79503;29.67;95598.57;8.2597919;47.3432289;48.63;-1.36851266648875;0.0820304748437335;4.35424741787545;121.436538873644;-1.7271755148624;-3.904224;0.4723071;0.06691199;-4.124878;-6.124841;-24.87384
21.30058;20;39.003;37.47698;29.68;95586.89;8.2597018;47.3431977;49.72;-2.12040050824791;0.0570722665402146;4.19123366573918;121.306341993904;-0.130196879740012;-3.401567;1.200528;0.08344676;-3.857877;-4.028697;-42.73502
21.3006;20;38.757;37.47698;29.7;95589.22;8.2596171;47.3431571;49.89;-2.91173279110214;-0.174881991049832;4.01355914788616;121.476341993904;0.169999999999959;-3.328156;1.286991;0.02191716;-3.973696;-3.866225;-46.30001
21.30062;20;37.012;38.00559;29.72;95614.59;8.2595421;47.3431121;48.36;2.84628294415235;-0.376118453804778;4.00326170529939;121.980024018761;0.503682024857312;-3.371718;1.279754;0.1913504;-4.445517;-5.080547;-48.64454
21.30064;20;33.267;38.83641;29.76;95667.24;8.2594716;47.3430715;44.82;1.89961635787063;-0.645771823237902;4.19140819866438;121.693941982064;-0.286082036697266;-3.400003;1.243249;0.3216656;-5.127599;-4.869001;-53.13148
21.30066;20;31.019;39.85059;29.8;95728.46;8.2593978;47.343044;39.84;1.24284896034516;-0.697259036171735;4.42318792332923;120.781362046284;-0.912579935779789;-3.403899;1.203519;0.3379817;-6.16185;-4.292821;-58.65763
21.30068;20;33.669;40.14985;29.83;95787.63;8.2593148;47.3430336;34.67;0.254992603716372;-0.530056493830678;4.73019133875503;116.831593018476;-3.94976902780836;-3.292463;1.348974;0.3188967;-14.82043;-2.653949;-65.85991
21.3007;20;37.614;38.83641;29.86;95822.51;8.2592217;47.3430349;30.72;-0.249931148885588;-0.312763001957384;4.77539536638169;107.593941982064;-9.23765103641182;-3.023627;1.440697;0.1980957;-15.6346;-0.0978707;-67.21416
21.30072;20;38.367;36.72414;29.88;95836.1;8.2591152;47.3430364;28.76;-1.02852252820026;-0.00802851455917392;4.58114022063472;97.4991671121101;-10.0947748699542;-3.191041;1.355503;0.04236004;-11.6179;0.5649499;-54.84246
21.30074;20;36.952;35.17014;29.89;95831.4;8.2590115;47.3430274;28.4;-1.45351020106088;0.0534070751110265;4.4003241101281;91.4447883598166;-6.05437875229352;-0.9565142;1.201163;-0.1266718;-9.5574;2.173221;-38.03615
21.30076;20;35.549;33.7813;29.91;95831.04;8.2589234;47.3430044;28.69;-1.18839468768294;-0.00122173047639603;4.14358617715974;86.8539260800204;-4.59086227979617;1.373045;0.8280073;-0.6309992;-7.321912;-1.252782;-32.84826
21.30078;20;34.334;32.57872;29.92;95826.6;8.2588458;47.3429717;28.96;-0.950680843561311;-0.0244346095279206;3.97708176651948;83.0564830192864;-3.79744306073397;1.176561;0.6557443;-0.4299897;-6.928155;-3.795842;-26.8078
21.3008;20;33.14;31.45713;29.93;95823.84;8.2587797;47.3429324;29.26;-0.728325896857234;-0.00558505360638185;3.86660242486824;79.6958322037156;-3.36065081557084;1.049465;0.3624293;-0.2616091;-6.68659;-2.40516;-20.20343
21.30082;20;31.914;30.16204;29.94;95817.77;8.2587219;47.3428891;29.65;-0.608770843095622;-0.0185004900711399;3.83256850445435;76.0184330765342;-3.67739912718139;0.1318071;-0.1876028;0.1243235;-7.422273;-3.782446;-13.47149
21.30084;20;30.603;28.39023;29.95;95812.38;8.2586708;47.3428441;30.06;-0.672998959569014;0.0736528944341607;4.00413436992539;71.1407930404128;-4.87764003612135;-0.392008;0.09707578;1.147194;-6.638999;6.76801;-6.091507
21.30086;20;29.104;26.0446;29.96;95807.8;8.2586242;47.3428002;30.42;-0.704240353179712;0.177674517853023;4.07604193510756;64.992945420999;-6.14784761941385;-0.228294;0.2490026;0.2870401;-5.732697;12.54362;-10.7901
21.30088;20;27.438;24.7887;29.98;95803.77;8.2585806;47.3427588;30.84;-0.774751654960283;0.205425252959733;4.02630005142572;62.1590442247707;-2.83390119622833;-0.3633647;0.2750188;-0.2658265;-5.69805;8.218022;-10.5232
21.3009;20;25.892;23.6351;29.99;95796.3;8.2585403;47.3427193;31.4;-0.8616690517096;0.219911485751286;3.9711476470627;59.8718629974516;-2.28718122731905;-0.3848881;0.2140668;0.03189623;-5.203637;6.55609;-8.902979
21.30092;20;24.567;22.24356;30;95792.48;8.2585041;47.3426817;31.99;-0.955218699616497;0.259704992696756;3.94392051073159;57.2079389130275;-2.66392408442409;-0.3425249;0.172197;0.03902195;-4.458268;6.978354;-6.861011
21.30094;20;23.3;21.13988;30.01;95786.08;8.2584699;47.3426436;32.56;-1.02154121119228;0.266511776779534;3.91163191956969;55.3374987978797;-1.87044011514781;-0.3339549;0.1752038;-0.1414069;-3.998873;6.346098;-5.946926
21.30096;20;22.203;20.17407;30.02;95779.71;8.25844;47.3426081;33.03;-1.11142566766999;0.248534885483993;3.85717764690747;53.7737869706881;-1.56371182719162;-0.342656;0.1564907;-0.2014023;-3.716346;5.406061;-5.334611
21.30098;20;21.283;19.36678;30.03;95776.02;8.2584138;47.3425746;33.36;-1.19310707666332;0.225322006432468;3.81354441560761;52.4768281125586;-1.29695885812948;-0.3570495;0.1454727;-0.1867185;-3.37828;4.873615;-4.267507
21.301;20;20.471;18.52434;30.04;95776.52;8.2583898;47.3425416;33.54;-1.25506626510912;0.205250720034533;3.77985956104412;51.0298660772477;-1.4469620353109;-0.3466233;0.1624469;-0.2049249;-3.11725;4.643853;-3.851127
21.30102;20;19.753;17.86647;30.05;95774.37;8.2583679;47.3425091;33.54;-1.33378061437407;0.169646003293849;3.73256113831507;49.8096610734404;-1.22020500380734;-0.3333844;0.1854135;-0.2569107;-2.902839;4.412295;-3.5249
21.30104;20;19.108;17.41408;30.07;95777.56;8.2583478;47.3424766;33.33;-1.40621177833183;0.124441975667196;3.67705966810165;48.786176465158;-1.0234846082824;-0.2914186;0.2956578;-0.2905835;-2.769849;4.183443;-3.934946
21.30106;20;18.573;17.18342;30.08;95783.5;8.2583304;47.3424452;32.91;-1.43745317194253;0.0502654824574367;3.56850018862761;47.9594354177574;-0.82674104740056;0.1555836;0.5153398;-0.5123583;-2.409283;5.047595;-4.928564
21.30108;20;18.31;17.64172;30.1;95792.17;8.2583156;47.3424145;32.31;-1.32802102784249;-0.104196156344061;3.47320521146872;48.1729095085831;0.213474090825663;0.763071;0.1378851;-1.390859;2.973362;2.351701;-7.96858
21.3011;20;19.061;19.57173;30.12;95804.95;8.2583032;47.3423823;31.47;-1.19816853149411;-0.367915406320405;3.42660492044047;50.9935787560092;2.82066924742612;0.4281214;-0.3491863;-0.949635;8.720847;-3.244839;-0.09854999
21.30112;20;20.342;21.51406;30.13;95818.27;8.2582919;47.3423477;30.2;-1.09763756657923;-0.506494548928754;3.42276519608608;53.790967262161;2.79738850615185;0.4580287;-0.08992004;-0.3098943;5.106872;-2.099735;-0.4604599
21.30114;20;21.277;23.46567;30.16;95845.42;8.2582807;47.3423113;28.38;-0.989078087105187;-0.545764457098627;3.39396726342817;56.4451207211468;2.65415345898573;0.68511;0.1145239;-0.3400798;3.904724;-0.8222613;-5.30978
21.30116;20;22.319;25.26698;30.18;95873.13;8.2582703;47.342272;26.02;-0.727802298081635;-0.584336233567701;3.27266688041457;58.5592598532314;2.1141391320846;0.8757607;0.2704048;-0.4110614;3.298089;-1.60804;-11.86973
21.30118;20;23.691;26.79968;30.21;95904.3;8.258263;47.3422313;23.4;-0.537212343763855;-0.579449311662117;3.18592401659045;60.006669118369;1.44740926513767;0.8611181;0.3297371;-0.3116964;2.422017;-2.302475;-15.99552
21.3012;20;25.76;28.24934;30.23;95934.15;8.2582609;47.3421872;20.71;-0.48642326253082;-0.391826417072727;3.01051842676502;61.3840678101733;1.37739869180423;-0.768284;2.886911;-0.07907704;3.269526;-1.907922;-62.19764
21.30122;20;27.984;27.24267;30.25;95952.29;8.2582693;47.3421385;18.72;-0.11397000015523;0.359188760060433;2.6776841384097;56.5468638495872;-4.83720396058609;3.703974;3.167628;-0.003150563;9.575377;-5.08091;-71.15005
21.30124;20;27.188;25.26698;30.26;95941.71;8.2582893;47.3420911;18.61;0.51085787205874;0.574736922681733;2.77873870210017;51.1492598532314;-5.39760399635578;2.758415;0.3271504;0.7581595;10.3507;-8.588664;-61.30825
21.30126;20;24.062;25.42441;30.26;95914.69;8.2583079;47.3420477;20.34;0.521853446346304;0.419751685104636;2.85815118306591;53.2860052929715;2.13674543974008;-1.469;-0.814979;0.3930129;1.58696;-1.373343;-5.246292
21.30128;20;23.148;24.7887;30.26;95887.33;8.2583197;47.3420069;22.82;0.061261056745001;0.35395277230445;2.85099533313274;54.1390442247706;0.853038931799141;-3.207471;-0.04281654;0.1962128;2.803473;-4.62044;-0.649358
21.3013;20;23.075;24.7887;30.26;95860.9;8.2583313;47.3419662;25.23;-0.595331807855266;0.428827397215007;2.91452531790533;56.5490442247707;2.41000000000003;-2.440873;0.29489;0.2623354;2.314862;0.03989999;-18.09941
21.30132;20;22.575;24.46465;30.26;95831.88;8.2583463;47.3419263;27.63;-1.06796696929533;0.453960138443725;2.84925000388074;58.1355606331549;1.58651640838428;-2.18226;0.4580921;-0.2288338;1.603527;-0.4163813;-16.71417
21.30134;20;22.304;24.13625;30.26;95805.73;8.2583667;47.3418884;30.09;-1.45874618881686;0.43999750442777;2.73405827324912;59.7820776790265;1.6465170458716;-2.129449;0.6391244;-0.2579805;1.922769;-1.580073;-18.57693
21.30136;20;22.869;23.97036;30.26;95781.1;8.2583951;47.3418528;32.36;-1.93382481120972;0.377863783056772;2.60036605254635;61.6453291809174;1.86325150189091;-2.167447;0.6964278;-0.2241024;1.987774;-1.557116;-16.5944
21.30138;20;24.007;24.13625;30.26;95761.06;8.258432;47.3418189;34.13;-2.34345358665279;0.26162485487395;2.49931148885588;63.8220776790265;2.17674849810906;-1.036672;0.7052385;-0.2044159;2.96804;-1.635133;-10.76292
21.3014;20;25.148;24.6272;30.27;95749.45;8.2584753;47.3417855;35.26;-2.33402880869202;0.137531945057153;2.44136655768967;66.1722823567788;2.35020467775228;0.7609731;0.5871983;-0.2978781;3.492107;-0.8121889;-7.452969
21.30142;20;26.021;25.26698;30.28;95747.02;8.258523;47.341752;35.73;-2.23332331085194;0.0593411945678072;2.35270383168836;68.2692598532314;2.09697749645262;0.03442505;0.7009954;1.154606;1.100492;-1.935493;-16.24666
21.30144;20;26.46;24.301;30.29;95753.48;8.2585737;47.3417204;35.52;-2.23105438282435;0.17837264955382;2.06577170266049;65.6188073904179;-2.65045246281349;0.404104;0.7629333;0.772656;3.235138;14.36002;-16.39037
21.30146;20;26.548;24.94914;30.3;95762.97;8.2586301;47.3416932;34.77;-2.18811928322529;0.0301941960595019;1.95337249883205;66.4957689469725;0.876961556554548;0.02037769;0.7638329;-0.7003862;1.291685;7.958752;-16.89277
21.30148;20;26.401;25.42441;30.32;95783.02;8.2586929;47.3416715;33.57;-2.23890836445833;-0.029845130209103;1.79821272832976;66.5160052929714;0.0202363459989812;-0.2674442;1.094297;0.7784065;-0.2386002;10.13764;-20.29486
21.3015;20;25.916;25.10856;30.34;95803.06;8.2587579;47.341657;31.86;-2.27486214704941;-0.0663225115757845;1.57289072189729;63.9925068946789;-2.52349839829253;-0.3545318;0.6938667;0.2076084;1.616649;13.86297;-16.54242
21.30152;20;25.938;25.73637;30.37;95834.22;8.2588273;47.3416495;29.59;-2.47225888544997;-0.0771435529381494;1.5383332027078;63.3494669101376;-0.643039984541268;-1.800599;-0.2694621;0.2334736;4.411598;8.869091;14.22502
21.30154;20;26.748;25.89095;30.39;95857.41;8.2588978;47.3416461;27.26;-2.96688519546516;-0.0171042266695444;1.4165092209186;61.4262228288736;-1.92324408126406;-3.19935;0.3251369;1.332849;6.102715;8.481192;23.05559
21.30156;20;27.601;25.42441;30.41;95875.8;8.2589689;47.3416443;25.35;2.66651403119694;-0.127758101245985;1.1068878116148;58.2960052929715;-3.1302175359021;-3.629807;0.0424173;1.718219;7.344106;11.30728;25.74837
21.30158;20;27.385;24.301;30.42;95892.98;8.2590407;47.3416477;23.8;1.73503180940756;-0.459894257900506;0.782431103669058;53.898807390418;-4.39719790255353;-4.847153;-0.4528203;2.297781;7.098134;6.985669;36.82826
21.3016;20;25.121;22.59948;30.44;95915.66;8.2591072;47.3416606;22.17;0.720646448148459;-0.987507290778392;0.801804258366195;48.2014218282569;-5.69738556216105;-4.572103;-0.9791248;2.139165;10.66397;12.06804;45.94707
21.30162;20;21.134;24.46465;30.47;95948.03;8.259161;47.3416795;19.72;-0.0413643032722656;-0.913854396344231;0.856083998103219;50.225560633155;2.02413880489807;-2.955706;2.477765;0.1036641;-3.301409;-3.843035;-7.306968
21.30164;20;21.094;24.13625;30.5;95990.13;8.2592081;47.341703;16.47;-0.0413643032722656;-0.0263544717051144;0.820653814287734;46.1620776790265;-4.06348295412844;2.482661;3.201652;0.5961516;0.8869081;1.326999;-57.27192
21.30166;20;23.106;20.75895;30.51;96002.38;8.2592556;47.3417305;14.17;0.514697596413128;0.227241868609662;0.96045468737248;36.1340165699541;-10.0280611090724;3.043719;1.041064;0.6546369;0.360111;-4.461823;-43.69709
21.30168;20;21.631;19.57173;30.52;96003.35;8.259301;47.3417546;13.59;1.15785142577304;0.24015730507442;1.28456232946783;33.1135787560092;-3.02043781394494;2.135168;1.130647;0.9828961;0.4888614;-3.283105;-35.75177
21.3017;20;19.961;18.95024;30.53;95999.61;8.2593492;47.3417708;13.77;1.31231306457454;0.0600393262686049;1.48649692392357;32.0733433260754;-1.04023542993379;-0.5034572;0.5196303;1.085115;-1.84048;-0.05439215;-30.81858
21.30172;20;19.181;18.30768;30.54;95995.57;8.2594016;47.3417771;14.11;1.04894288044859;-0.0602138591938044;1.68738432082812;31.1931369511927;-0.880206374882743;-1.463664;1.009384;0.7717572;-2.632252;3.001831;-14.0212
21.30174;20;18.563;17.64172;30.55;95993.54;8.2594537;47.3417755;14.31;0.874759021099558;0.0518362787842316;1.94429678672168;30.1729095085831;-1.02022744260959;-0.5423315;2.114907;0.004421609;0.4338934;3.098108;-30.93773
21.30176;20;17.603;16.22801;30.56;95991.74;8.2595007;47.3417668;14.52;1.10601514698881;0.422544211907827;2.30366007970732;27.9424418226351;-2.23046768594803;1.404568;1.723403;-0.5316601;0.6319817;-2.028296;-25.16443
21.30178;20;16.217;13.8393;30.57;95984.57;8.259541;47.3417515;14.92;1.47427961915961;0.560425222815379;2.51170332654504;24.6817851422018;-3.2606566804332;1.100733;0.8369913;-0.2663336;0.84023;-5.530633;-20.06553
21.3018;20;14.903;12.6335;30.58;95982.17;8.2595715;47.3417322;15.37;1.6303120542879;0.556410965535792;2.74557744631228;23.5048278414883;-1.17695730071357;-0.3308567;1.108196;0.1360862;0.4417522;-5.463821;-18.4413
21.30182;20;14.029;11.64751;30.58;95980.74;8.2595919;47.3417111;15.66;1.66783663320578;0.478220215046446;2.95955481260678;22.5746018960296;-0.930225945458691;-0.3536149;1.403108;0.6385738;0.586175;-4.725781;-16.3735
21.30184;20;13.38;11.29975;30.59;95980.02;8.2596032;47.3416892;15.72;1.75876828723469;0.286932129027868;3.23898202585108;22.2278669756626;-0.346734920366973;0.2302929;1.568111;0.9783549;0.4728546;-3.698636;-14.3361
21.30186;20;12.78;11.64751;30.61;95986.03;8.2596071;47.3416665;15.47;1.88600278970507;0.00139626340159546;3.50130501242582;22.3846018960296;0.156734920366976;0.5764179;1.609853;1.067544;0.2464117;-2.531218;-13.49439
21.30188;20;12.111;11.64751;30.62;95991.2;8.259604;47.3416444;14.83;1.97693444373398;-0.29234264970905;3.73081580906308;21.7446018960295;-0.640000000000043;0.6905348;1.638501;0.8804293;0.11459;-1.721235;-13.8031
21.3019;20;11.099;12.31361;30.64;96010.25;8.2595946;47.3416243;13.67;2.00363798128949;-0.610516172347616;4.07586740218236;21.3980831412895;-0.346518754740032;0.7536585;1.655852;0.4463307;-0.06258014;-1.515863;-15.09533
21.30192;20;9.661;12.94548;30.66;96032.77;8.2595806;47.341608;11.96;1.9083430041306;-0.759916356318331;4.44343374265236;20.5015623053211;-0.896520835968435;0.7153451;1.65925;0.03087673;0.05767413;-2.518497;-16.85093
21.30194;20;7.892;13.25012;30.68;96058.91;8.2595642;47.3415973;9.76999999999998;1.70518667919846;-0.820653814287734;4.91065838341125;18.7183017336595;-1.78326057166156;0.6345852;1.687103;-0.1278731;0.4314077;-4.085587;-19.11216
21.30196;20;6.135;0.0220617;30.7;96089.98;8.2595461;47.341593;7.26999999999998;-0.619766417383186;-1.21666902156525;1.24040549939237;7.27002480726843;-11.4482769263911;0.5425447;2.965064;8.582544;0.6364003;5.698435;-1.522689
21.30198;20;5.547;0.0220617;30.71;96088.73;8.2595306;47.3415935;6.06;-0.252898208613978;-0.484328867428426;1.48789318732517;6.06002480726845;-1.20999999999998;3.04376;3.096217;1.862523;-0.1179285;0.7510719;-0.9313379
21.302;20;5.368;0.0220617;30.72;96093.38;8.2595174;47.3415954;6.06;0.204552588333735;0.104370689269261;1.7542304311795;6.06002480726845;0;2.25733;2.850311;1.19889;0.09402739;0.25755;-0.6911072
21.30202;20;5.301;0.0220617;30.73;96095.88;8.2595037;47.3415973;5.84000000000003;0.605803783367232;0.00541052068118242;2.00608144224228;5.84002480726848;-0.21999999999997;1.663878;-0.8435408;1.63273;2.556113;-11.41444;-11.92838
21.30204;20;4.9;0.0220617;30.74;96096.09;8.2594902;47.3415995;5.69999999999999;0.928515162060983;-0.182386906833407;2.19649686363486;5.70002480726843;-0.140000000000043;1.381356;0.6011851;0.6993018;2.926708;-6.167206;-2.397436
21.30206;20;4.102;0.0220617;30.75;96093.94;8.2594784;47.341602;5.69;1.11299646399678;-0.0343829862642883;2.38202536312186;5.69002480726844;-0.00999999999999091;1.30331;1.378664;-0.6076214;1.195647;-11.72419;-0.3476923
21.30208;20;3.288;0.0220617;30.76;96096.52;8.2594694;47.3416045;5.67000000000002;1.17862084387177;-0.0722566310325652;2.47051355619797;5.67002480726846;-0.0199999999999818;0.7021238;0.2077443;0.4657646;2.193997;-14.4156;0.4292177
21.3021;20;2.226;0.0220617;30.77;96094.15;8.2594625;47.341607;5.66000000000003;1.22522113490002;-0.0795870138909414;2.52077903865541;5.66002480726847;-0.00999999999999091;-0.002190924;0.1676023;0.03106543;4.943571;-10.53378;-1.409254
21.30212;20;0.887;0.0220617;30.78;96096.67;8.2594587;47.3416086;5.66000000000003;1.20340451925009;-0.0642281164733913;2.53125101416738;5.66002480726847;0;-0.1393043;0.03485483;-0.07728589;5.010637;-10.62513;-0.9920987
21.30214;20;0.126;0.0220617;30.79;96097.49;8.2594577;47.3416091;5.66000000000003;1.16710167080861;-0.0516617458590322;2.53282181049417;5.66002480726847;0;-0.3472086;0.07054874;-0.1071409;-0.4788526;-9.408267;-4.340776
21.30216;20;0.032;0.0220617;30.79;96097.55;8.2594577;47.3416092;5.66000000000003;1.14685585148547;-0.0534070751110265;2.53491620559656;5.66002480726847;0;0.003940947;0.007004136;-0.01159728;-0.5390006;-8.924465;-4.004492
21.30218;20;0.002;0.0220617;30.8;96093.45;8.2594577;47.3416092;5.66000000000003;1.14615771978468;-0.053232542185827;2.53491620559656;5.66002480726847;0;0.004637014;0.007544195;-0.01321907;-0.5233471;-8.947523;-4.060309
21.3022;20;0.002;0.0220617;30.81;96095.34;8.2594577;47.3416092;5.66000000000003;1.14528505515868;-0.0528834763354282;2.53509073852176;5.66002480726847;0;0.004734601;0.007993465;-0.01462756;-0.5390699;-9.202488;-4.182814
21.30222;20;0.002;0.0220617;30.82;96096.25;8.2594577;47.3416092;5.66000000000003;1.14476145638308;-0.0528834763354282;2.53509073852176;5.66002480726847;0;0.003506511;0.006359834;-0.01074206;-0.5244213;-9.008989;-4.094275
21.30224;20;0.002;0.0220617;30.83;96094.2;8.2594577;47.3416092;5.66000000000003;1.14406332468228;-0.0525344104850293;2.53509073852176;5.66002480726847;0;0.004485341;0.007275721;-0.01286749;-0.5272451;-8.989326;-4.090749
21.30226;20;0.002;0.0220617;30.84;96096.31;8.2594577;47.3416092;5.66000000000003;1.14301612713109;-0.0523598775598299;2.53509073852176;5.66002480726847;0;0.003438646;0.006466028;-0.01099592;-0.5201054;-8.864552;-4.015901
21.30228;20;0.001;0.0220617;30.85;96094.84;8.2594577;47.3416092;5.66000000000003;1.14249252835549;-0.0521853446346305;2.53509073852176;5.66002480726847;0;0.004323983;0.00693366;-0.01236325;-0.4995624;-8.786732;-4.023925
21.3023;20;0.001;0.0220617;30.85;96094.91;8.2594577;47.3416092;5.66000000000003;1.14144533080429;-0.0518362787842316;2.53509073852176;5.66002480726847;0;0.005776044;0.009253675;-0.01677266;-0.5088755;-8.915489;-4.104667
21.30232;20;0.002;0.0220617;30.86;96096.64;8.2594577;47.3416092;5.66000000000003;1.14092173202869;-0.0516617458590322;2.53509073852176;5.66002480726847;0;0.004738908;0.007338982;-0.01339466;-0.51656;-8.986835;-4.112844
21.30234;20;0.002;0.0220617;30.87;96095.82;8.2594577;47.3416092;5.66000000000003;1.1402236003279;-0.0513126800086333;2.53509073852176;5.66002480726847;0;0.004812467;0.008354099;-0.01415881;-0.5019277;-8.829072;-4.060909
21.30236;20;0.002;0.0220617;30.88;96095.7;8.2594577;47.3416092;5.66000000000003;1.1393509357019;-0.0511381470834339;2.53509073852176;5.66002480726847;0;0.003106731;0.006474511;-0.01121834;-0.5187116;-9.121379;-4.18823
21.30238;20;0.002;0.0220617;30.89;96096.15;8.2594577;47.3416092;5.66000000000003;1.1386528040011;-0.050789081233035;2.53509073852176;5.66002480726847;0;0.003590677;0.00687736;-0.01184869;-0.5029079;-8.929126;-4.120081
21.3024;20;0.001;0.0220617;30.9;96096.85;8.2594577;47.3416092;5.66000000000003;1.1377801393751;-0.0506145483078356;2.53509073852176;5.66002480726847;0;0.003949825;0.007325586;-0.01357891;-0.4992158;-8.94788;-4.146708
21.30242;20;0.001;0.0220617;30.9;96096.95;8.2594577;47.3416092;5.66000000000003;1.13690747474911;-0.0502654824574367;2.53509073852176;5.66002480726847;0;0.003475044;0.007197875;-0.01256138;-0.4940536;-8.889734;-4.129877
21.30244;20;0.002;0.0220617;30.91;96097.22;8.2594576;47.3416092;5.66000000000003;1.13620934304831;-0.0500909495322373;2.53491620559656;5.66002480726847;0;0.003516719;0.00727497;-0.01283815;-0.4909611;-8.916067;-4.15479
21.30246;20;0.002;0.0220617;30.92;96096.43;8.2594576;47.3416092;5.66000000000003;1.13516214549711;-0.0497418836818384;2.53491620559656;5.66002480726847;0;0.003381844;0.007554286;-0.01480814;-0.5203204;-9.471632;-4.394858
21.30248;20;0.002;0.0220617;30.93;96096.73;8.2594576;47.3416092;5.66000000000003;1.13428948087111;-0.049567350756639;2.53474167267136;5.66002480726847;0;0.003307208;0.006515612;-0.01152289;-0.4857287;-8.871328;-4.134177
21.3025;20;0.002;0.0220617;30.93;96095;8.2594576;47.3416092;5.66000000000003;1.13376588209552;-0.0492182849062401;2.53474167267136;5.66002480726847;0;0.004163081;0.007437355;-0.01409799;-0.488091;-8.922887;-4.157396
21.30252;20;0.001;0.0220617;30.94;96094.84;8.2594576;47.3416092;5.66000000000003;1.13271868454432;-0.0488692190558412;2.53474167267136;5.66002480726847;0;0.004096726;0.007240189;-0.01335217;-0.4872081;-8.903912;-4.159031
21.30254;20;0.002;0.0220617;30.95;96095.34;8.2594576;47.3416092;5.66000000000003;1.13219508576872;-0.0486946861306418;2.53456713974617;5.66002480726847;0;0.00399586;0.008064501;-0.01448835;-0.4846314;-8.982109;-4.220677
21.30256;20;0.002;0.0220617;30.96;96097.49;8.2594576;47.3416092;5.66000000000003;1.13132242114272;-0.0485201532054424;2.53456713974617;5.66002480726847;0;0.004887145;0.008935447;-0.01690688;-0.4988726;-9.244623;-4.360423
21.30258;20;0.002;0.0220617;30.96;96093.76;8.2594576;47.3416092;5.66000000000003;1.13062428944193;-0.0481710873550435;2.53439260682097;5.66002480726847;0;0.004758739;0.008402411;-0.01566936;-0.4855194;-9.05257;-4.258673
21.3026;20;0.002;0.0220617;30.97;96096.64;8.2594576;47.3416092;5.66000000000003;1.12975162481593;-0.0479965544298441;2.53421807389577;5.66002480726847;0;0.004086827;0.007235383;-0.01307147;-0.478229;-8.994318;-4.256596
21.30262;20;0.001;0.0220617;30.98;96096.95;8.2594576;47.3416092;5.66000000000003;1.12887896018993;-0.0476474885794452;2.53421807389577;5.66002480726847;0;0.003831047;0.006810792;-0.0124217;-0.4756147;-8.949327;-4.230391
21.30264;20;0.002;0.0220617;30.99;96095.48;8.2594576;47.3416092;5.66000000000003;1.12835536141433;-0.0474729556542458;2.53404354097057;5.66002480726847;0;0.004082907;0.007784926;-0.01400198;-0.47434;-9.01266;-4.257154
21.30266;20;0.002;0.0220617;31;96096.52;8.2594576;47.3416092;5.66000000000003;1.12748269678834;-0.0472984227290463;2.53386900804537;5.66002480726847;0;0.00421906;0.00748897;-0.01341386;-0.4656039;-8.83989;-4.193584
21.30268;20;0.002;0.0220617;31;96097.55;8.2594576;47.3416092;5.66000000000003;1.12678456508754;-0.0471238898038469;2.53386900804537;5.66002480726847;0;0.00447434;0.007359456;-0.01337314;-0.462749;-8.833331;-4.193015
21.3027;20;0.002;0.0220617;31.01;96096.25;8.2594576;47.3416092;5.66000000000003;1.12608643338674;-0.046774823953448;2.53369447512017;5.66002480726847;0;0.005419658;0.008902283;-0.01675996;-0.4687041;-8.93998;-4.260844
21.30272;20;0.002;0.0220617;31.02;96095.27;8.2594576;47.3416092;5.66000000000003;1.12521376876074;-0.0466002910282486;2.53351994219497;5.66002480726847;0;0.005030293;0.008699455;-0.01648013;-0.4813955;-9.221206;-4.390309
21.30274;20;0.002;0.0220617;31.02;96094.36;8.2594576;47.3416092;5.66000000000003;1.12486470291035;-0.0464257581030492;2.53334540926977;5.66002480726847;0;0.004714136;0.008269561;-0.0144755;-0.4504353;-8.701132;-4.165969
21.30276;20;0.001;0.0220617;31.03;96096.09;8.2594576;47.3416092;5.66000000000003;1.12399203828435;-0.0462512251778497;2.53317087634457;5.66002480726847;0;0.003609878;0.00629583;-0.01110376;-0.4602673;-8.915678;-4.250204
21.30278;20;0.002;0.0220617;31.04;96097.16;8.2594576;47.3416092;5.66000000000003;1.12346843950875;-0.0460766922526503;2.53317087634457;5.66002480726847;0;0.003204383;0.006118374;-0.01066975;-0.4526221;-8.849479;-4.225801
21.3028;20;0.002;0.0220617;31.05;96097.4;8.2594576;47.3416092;5.66000000000003;1.12259577488275;-0.0459021593274509;2.53299634341937;5.66002480726847;0;0.003860425;0.007103146;-0.01249598;-0.4631343;-9.047336;-4.358272
21.30282;20;0.002;0.0220617;31.05;96095.05;8.2594575;47.3416092;5.66000000000003;1.12207217610715;-0.0457276264022514;2.53282181049417;5.66002480726847;0;0.004132201;0.007303726;-0.01302287;-0.4588889;-8.964708;-4.303204
21.30284;20;0.001;0.0220617;31.06;96097;8.2594575;47.3416092;5.66000000000003;1.12137404440636;-0.0453785605518526;2.53264727756897;5.66002480726847;0;0.005229688;0.008724373;-0.01511751;-0.4602828;-8.999619;-4.377378
21.30286;20;0.001;0.0220617;31.07;96097.13;8.2594575;47.3416092;5.66000000000003;1.12067591270556;-0.0452040276266531;2.53264727756897;5.66002480726847;0;0.00377498;0.006448662;-0.01080842;-0.4474226;-8.840979;-4.268382
21.30288;20;0.001;0.0220617;31.08;96097.43;8.2594575;47.3416092;5.66000000000003;1.12015231392996;-0.0452040276266531;2.53247274464377;5.66002480726847;0;0.00425527;0.006287122;-0.01086107;-0.4434689;-8.800993;-4.260624
21.3029;20;0.001;0.0220617;31.08;96096.58;8.2594575;47.3416092;5.66000000000003;1.11980324807956;-0.0450294947014537;2.53229821171857;5.66002480726847;0;0.005056942;0.007488202;-0.01278397;-0.4430189;-8.767243;-4.260456
21.30292;20;0.001;0.0220617;31.09;96095.61;8.2594575;47.3416092;5.66000000000003;1.11927964930396;-0.0448549617762543;2.53212367879337;5.66002480726847;0;0.004792703;0.007096358;-0.01275079;-0.4493062;-8.982444;-4.337141
21.30294;20;0.002;0.0220617;31.1;96096.95;8.2594575;47.3416092;5.66000000000003;1.11875605052837;-0.0446804288510548;2.53194914586817;5.66002480726847;0;0.00607586;0.008180747;-0.0146929;-0.4465889;-8.902997;-4.314972
21.30296;20;0.001;0.0220617;31.1;96094.63;8.2594575;47.3416091;5.66000000000003;1.11823245175277;-0.0446804288510548;2.53177461294297;5.66002480726847;0;0.005557414;0.008134558;-0.01354064;-0.4429476;-8.821499;-4.311547
21.30298;20;0.001;0.0220617;31.11;96096.52;8.2594575;47.3416091;5.66000000000003;1.11788338590237;-0.0445058959258554;2.53177461294297;5.66002480726847;0;0.004806838;0.006390109;-0.01097492;-0.4353696;-8.768171;-4.265207
21.303;20;0.001;0.0220617;31.11;96094.73;8.2594575;47.3416091;5.66000000000003;1.11753432005197;-0.0445058959258554;2.53160008001778;5.66002480726847;0;0.005012904;0.006554931;-0.01093027;-0.4348777;-8.76582;-4.279381
21.30302;20;0.001;0.0220617;31.12;96095.82;8.2594575;47.3416091;5.66000000000003;1.11701072127637;-0.044331363000656;2.53142554709258;5.66002480726847;0;0.005987344;0.008290877;-0.0135262;-0.4722587;-9.346663;-4.581465
21.30304;20;0.001;0.0220617;31.13;96093.51;8.2594575;47.3416091;5.66000000000003;1.11683618835117;-0.0441568300754565;2.53125101416738;5.66002480726847;0;0.005911363;0.007889342;-0.0129531;-0.4488164;-8.966384;-4.381761
21.30306;20;0.001;0.0220617;31.13;96093.45;8.2594575;47.3416091;5.66000000000003;1.11631258957557;-0.0441568300754565;2.53107648124218;5.66002480726847;0;0.005042392;0.006554755;-0.01088697;-0.4393144;-8.892084;-4.324605
21.30308;20;0.001;0.0220617;31.14;96096.31;8.2594575;47.3416091;5.66000000000003;1.11613805665037;-0.0441568300754565;2.53090194831698;5.66002480726847;0;0.004859499;0.006239397;-0.01048636;-0.4353114;-8.801405;-4.29991
21.3031;20;0.001;0.0220617;31.15;96096.58;8.2594575;47.3416091;5.66000000000003;1.11578899079997;-0.0439822971502571;2.53090194831698;5.66002480726847;0;0.006261367;0.007865669;-0.01316818;-0.4389372;-8.833625;-4.330919
21.30312;20;0.001;0.0220617;31.15;96096.31;8.2594575;47.3416091;5.66000000000003;1.11543992494958;-0.0439822971502571;2.53072741539178;5.66002480726847;0;0.005242874;0.006757362;-0.01110416;-0.4362892;-8.859835;-4.332067
21.30314;20;0.001;0.0220617;31.16;96096.64;8.2594575;47.3416091;5.66000000000003;1.11509085909918;-0.0438077642250577;2.53055288246658;5.66002480726847;0;0.006003655;0.007272584;-0.01192233;-0.4294925;-8.760652;-4.296699
21.30316;20;0.001;0.0220617;31.17;96096.91;8.2594575;47.3416091;5.66000000000003;1.11491632617398;-0.0438077642250577;2.53037834954138;5.66002480726847;0;0.006227615;0.007709754;-0.01262968;-0.4253632;-8.67326;-4.257892
21.30318;20;0.001;0.0220617;31.17;96093.33;8.2594575;47.3416091;5.66000000000003;1.11456726032358;-0.0438077642250577;2.53020381661618;5.66002480726847;0;0.00590554;0.007128184;-0.01148925;-0.4417436;-9.036077;-4.401095
21.3032;20;0.001;0.0220617;31.18;96095.48;8.2594575;47.3416091;5.66000000000003;1.11439272739838;-0.0436332312998582;2.53002928369098;5.66002480726847;0;0.006362484;0.00779415;-0.01271232;-0.4276801;-8.738086;-4.281028
21.30322;20;0.001;0.0220617;31.19;96095.55;8.2594575;47.3416091;5.66000000000003;1.11421819447318;-0.0436332312998582;2.52985475076578;5.66002480726847;0;0.005511172;0.006415212;-0.01035941;-0.4255486;-8.72147;-4.284293
21.30324;20;0.001;0.0220617;31.19;96093.27;8.2594574;47.3416091;5.66000000000003;1.11386912862278;-0.0436332312998582;2.52985475076578;5.66002480726847;0;0.005484815;0.006697215;-0.01011203;-0.4308345;-8.805625;-4.32907
21.30326;20;0.001;0.0220617;31.2;96097.77;8.2594574;47.3416091;5.66000000000003;1.11369459569758;-0.0436332312998582;2.52968021784058;5.66002480726847;0;0.006784556;0.007966782;-0.01269561;-0.4343351;-8.852917;-4.345312
21.30328;20;0.001;0.0220617;31.2;96097.49;8.2594574;47.3416091;5.66000000000003;1.11352006277238;-0.0436332312998582;2.52950568491538;5.66002480726847;0;0.005658946;0.006788974;-0.01021749;-0.424316;-8.728101;-4.297011
21.3033;20;0;0.0220617;31.21;96094.63;8.2594574;47.3416091;5.66000000000003;1.11229833229599;-0.0431096325242599;2.52933115199018;5.66002480726847;0;-0.005609604;0.01007706;-0.01547179;-0.4515541;-8.749732;-4.231699
21.30332;20;0;0.0220617;31.22;96095.27;8.2594574;47.3416091;5.66000000000003;1.11160020059519;-0.0429350995990605;2.52933115199018;5.66002480726847;0;0.005663265;0.006885269;-0.01027557;-0.4220937;-8.776963;-4.344387
21.30334;20;0.001;0.0220617;31.22;96093.73;8.2594574;47.3416091;5.66000000000003;1.11055300304399;-0.0424115008234622;2.52915661906498;5.66002480726847;0;0.006587295;0.007277968;-0.01172789;-0.4319297;-8.942841;-4.420395
21.30336;20;0;0.0220617;31.23;96093.76;8.2594574;47.3416091;5.66000000000003;1.10968033841799;-0.0420624349730633;2.52915661906498;5.66002480726847;0;-0.002672468;0.01094872;-0.0179667;-0.3886857;-8.825278;-4.418828
21.30338;20;0;0.0220617;31.23;96095.05;8.2594574;47.3416091;5.66000000000003;1.1086331408668;-0.0417133691226645;2.52898208613978;5.66002480726847;0;0.005112626;0.007657508;-0.01146667;-0.3899084;-8.838314;-4.463151
21.3034;20;0.001;0.0220617;31.24;96095.61;8.2594574;47.3416091;5.66000000000003;1.1077604762408;-0.0413643032722656;2.52898208613978;5.66002480726847;0;0.00684538;0.007437139;-0.01083647;-0.4059037;-8.753636;-4.382052
21.30342;20;0;0.0220617;31.24;96093.88;8.2594574;47.3416091;5.66000000000003;1.1075859433156;-0.0413643032722656;2.52880755321458;5.66002480726847;0;0.0009957583;0.009604946;-0.01452522;-0.3849843;-8.64617;-4.334214
21.30344;20;0;0.0220617;31.25;96097.13;8.2594574;47.3416091;5.66000000000003;1.10706234454;-0.0411897703470662;2.52880755321458;5.66002480726847;0;0.002994978;0.007190449;-0.01085986;-0.3786111;-8.800276;-4.45437
21.30346;20;0;0.0220617;31.26;96094.52;8.2594574;47.3416091;5.66000000000003;1.10618967991401;-0.0408407044966673;2.52863302028938;5.66002480726847;0;0.005784814;0.006574725;-0.009640082;-0.4083497;-8.838704;-4.424524
21.30348;20;0.001;0.0220617;31.26;96093.38;8.2594574;47.3416091;5.66000000000003;1.10601514698881;-0.0408407044966673;2.52845848736419;5.66002480726847;0;0.005536852;0.006325101;-0.008818436;-0.404906;-8.804078;-4.414966
21.3035;20;0.001;0.0220617;31.27;96096.91;8.2594574;47.3416091;5.66000000000003;1.10566608113841;-0.0406661715714679;2.52845848736419;5.66002480726847;0;0.006216248;0.007029399;-0.01039115;-0.4124062;-8.958865;-4.485373
21.30352;20;0.001;0.0220617;31.27;96094.2;8.2594574;47.3416091;5.66000000000003;1.10566608113841;-0.0406661715714679;2.52828395443899;5.66002480726847;0;0.006285925;0.00708972;-0.01014223;-0.411211;-8.955415;-4.491903
21.30354;20;0.001;0.0220617;31.28;96097.13;8.2594574;47.3416091;5.66000000000003;1.10549154821321;-0.0406661715714679;2.52828395443899;5.66002480726847;0;0.005752457;0.006161018;-0.008870962;-0.4075489;-8.872213;-4.443852
21.30356;20;0.001;0.0220617;31.28;96095.21;8.2594574;47.3416091;5.66000000000003;1.10549154821321;-0.0408407044966673;2.52810942151379;5.66002480726847;0;0.005975716;0.006409971;-0.009315031;-0.4097393;-8.88875;-4.460374
21.30358;20;0;0.0220617;31.29;96093.88;8.2594574;47.3416091;5.66000000000003;1.10531701528801;-0.0408407044966673;2.52793488858859;5.66002480726847;0;0.006033507;0.006587061;-0.009502899;-0.4067259;-8.876798;-4.450572
21.3036;20;0.001;0.0220617;31.3;96095.94;8.2594574;47.3416091;5.66000000000003;1.10531701528801;-0.0408407044966673;2.52793488858859;5.66002480726847;0;0.005843736;0.006297249;-0.009120002;-0.4075997;-8.890118;-4.446732
21.30362;20;0.001;0.0220617;31.3;96095.27;8.2594574;47.3416091;5.66000000000003;1.10531701528801;-0.0408407044966673;2.52776035566339;5.66002480726847;0;0.006539787;0.007405298;-0.01082534;-0.3990235;-8.726372;-4.375575
21.30364;20;0.001;0.0220617;31.31;96097;8.2594574;47.3416091;5.66000000000003;1.10531701528801;-0.0408407044966673;2.52758582273819;5.66002480726847;0;0.005524429;0.006143608;-0.008598575;-0.4052534;-8.798329;-4.419343
21.30366;20;0;0.0220617;31.31;96097.16;8.2594574;47.3416091;5.66000000000003;1.10514248236281;-0.0408407044966673;2.52758582273819;5.66002480726847;0;0.005618226;0.006447722;-0.008752564;-0.4016878;-8.746096;-4.39718
21.30368;20;0;0.0220617;31.32;96097.16;8.2594574;47.3416091;5.66000000000003;1.10514248236281;-0.0408407044966673;2.52741128981299;5.66002480726847;0;0.006028026;0.006436964;-0.009531355;-0.409936;-8.944079;-4.472995
21.3037;20;0;0.0220617;31.32;96094.42;8.2594574;47.3416091;5.66000000000003;1.10514248236281;-0.0408407044966673;2.52741128981299;5.66002480726847;0;0.00632009;0.006891214;-0.00980554;-0.4045398;-8.801142;-4.41967
21.30372;20;0;0.0220617;31.33;96094.2;8.2594574;47.3416091;5.66000000000003;1.10479341651241;-0.0408407044966673;2.52723675688779;5.66002480726847;0;0.005930563;0.00604387;-0.008707527;-0.4083445;-8.830736;-4.431991
21.30374;20;0;0.0220617;31.33;96096.91;8.2594574;47.3416091;5.66000000000003;1.10479341651241;-0.0408407044966673;2.52706222396259;5.66002480726847;0;0.006140572;0.00695506;-0.009610603;-0.3985086;-8.692269;-4.380103
21.30376;20;0.001;0.0220617;31.34;96096.52;8.2594574;47.3416091;5.66000000000003;1.10479341651241;-0.0408407044966673;2.52706222396259;5.66002480726847;0;0.006567721;0.00734752;-0.01064462;-0.4063588;-8.820768;-4.426154
21.30378;20;0.001;0.0220617;31.34;96093.88;8.2594574;47.3416091;5.66000000000003;1.10479341651241;-0.0408407044966673;2.52688769103739;5.66002480726847;0;0.006571862;0.006981409;-0.01021386;-0.4217358;-9.104065;-4.563167
21.3038;20;0.001;0.0220617;31.35;96094.3;8.2594574;47.3416091;5.66000000000003;1.10479341651241;-0.0408407044966673;2.52671315811219;5.66002480726847;0;0.005928698;0.00662311;-0.009164332;-0.4079283;-8.833241;-4.440361
21.30382;20;0.001;0.0220617;31.35;96096.25;8.2594574;47.3416091;5.66000000000003;1.10461888358721;-0.0410152374218667;2.52671315811219;5.66002480726847;0;0.006666415;0.007137431;-0.01040223;-0.4163805;-8.960173;-4.492936
21.30384;20;0.001;0.0220617;31.36;96095.7;8.2594574;47.3416091;5.66000000000003;1.10461888358721;-0.0410152374218667;2.52636409226179;5.66002480726847;0;0.005812933;0.005808824;-0.008251971;-0.4087866;-8.819836;-4.432854
21.30386;20;0;0.0220617;31.36;96096.79;8.2594574;47.3416091;5.66000000000003;1.10461888358721;-0.0410152374218667;2.52636409226179;5.66002480726847;0;0.005924799;0.006349707;-0.00878904;-0.4098307;-8.86684;-4.454811
21.30388;20;0;0.0220617;31.37;96094.79;8.2594574;47.3416091;5.66000000000003;1.10461888358721;-0.0410152374218667;2.52618955933659;5.66002480726847;0;0.007267968;0.007823766;-0.01092626;-0.403218;-8.760698;-4.417121
21.3039;20;0;0.0220617;31.37;96093.54;8.2594574;47.3416091;5.66000000000003;1.10461888358721;-0.0410152374218667;2.52601502641139;5.66002480726847;0;0.006796896;0.007796255;-0.01114565;-0.4126186;-8.898169;-4.473049
21.30392;20;0;0.0220617;31.38;96095.05;8.2594573;47.3416091;5.66000000000003;1.10461888358721;-0.0411897703470662;2.52601502641139;5.66002480726847;0;0.007760013;0.00833038;-0.01230756;-0.4149537;-8.927803;-4.480238
21.30394;20;0.001;0.0220617;31.38;96095.76;8.2594573;47.3416091;5.66000000000003;1.10461888358721;-0.0411897703470662;2.52584049348619;5.66002480726847;0;0.006621886;0.007683697;-0.01067265;-0.4251825;-9.115256;-4.594349
21.30396;20;0;0.0220617;31.39;96096.73;8.2594573;47.3416091;5.66000000000003;1.10444435066201;-0.0411897703470662;2.52566596056099;5.66002480726847;0;0.007149921;0.008081551;-0.01154365;-0.4120879;-8.816307;-4.425885
21.30398;20;0;0.0220617;31.39;96094.36;8.2594573;47.3416091;5.66000000000003;1.10444435066201;-0.0411897703470662;2.52566596056099;5.66002480726847;0;0.0073053;0.008310305;-0.01199505;-0.3928526;-8.565737;-4.313137
21.304;20;0.004;0.0220617;31.4;96095.34;8.2594573;47.3416091;5.66000000000003;1.10130275800842;-0.0399680398706701;2.52566596056099;5.66002480726847;0;-0.04320741;0.01837329;-0.02728756;-0.3630847;-8.682921;-4.495587
21.30402;20;0.004;0.0220617;31.4;96096.85;8.2594573;47.3416091;5.66000000000003;1.10043009338242;-0.0396189740202713;2.52549142763579;5.66002480726847;0;0.005958812;0.00627981;-0.008539088;-0.4029877;-8.975449;-4.549091
21.30404;20;0;0.0220617;31.41;96093.51;8.2594573;47.3416091;5.66000000000003;1.10043009338242;-0.0396189740202713;2.52549142763579;5.66002480726847;0;0.005921696;0.006374231;-0.00864182;-0.387428;-8.679052;-4.416656
21.30406;20;0;0.0220617;31.41;96096.03;8.2594573;47.3416091;5.66000000000003;1.10043009338242;-0.0396189740202713;2.5253168947106;5.66002480726847;0;0.007064942;0.007658744;-0.01030512;-0.3903365;-8.689229;-4.417841
21.30408;20;0;0.0220617;31.42;96095.21;8.2594573;47.3416091;5.66000000000003;1.10043009338242;-0.0396189740202713;2.5251423617854;5.66002480726847;0;0.005643653;0.006205817;-0.00771374;-0.3950229;-8.844614;-4.492317
21.3041;20;0;0.0220617;31.42;96095.34;8.2594573;47.3416091;5.66000000000003;1.10043009338242;-0.0397935069454707;2.5251423617854;5.66002480726847;0;0.006573655;0.006988993;-0.009509343;-0.3956566;-8.826724;-4.487037
